-- MySQL dump 10.13  Distrib 5.7.11, for osx10.9 (x86_64)
--
-- Host: localhost    Database: easyframework_demo
-- ------------------------------------------------------
-- Server version	5.7.11

/*!40101 SET @OLD_CHARACTER_SET_CLIENT=@@CHARACTER_SET_CLIENT */;
/*!40101 SET @OLD_CHARACTER_SET_RESULTS=@@CHARACTER_SET_RESULTS */;
/*!40101 SET @OLD_COLLATION_CONNECTION=@@COLLATION_CONNECTION */;
/*!40101 SET NAMES utf8 */;
/*!40103 SET @OLD_TIME_ZONE=@@TIME_ZONE */;
/*!40103 SET TIME_ZONE='+00:00' */;
/*!40014 SET @OLD_UNIQUE_CHECKS=@@UNIQUE_CHECKS, UNIQUE_CHECKS=0 */;
/*!40014 SET @OLD_FOREIGN_KEY_CHECKS=@@FOREIGN_KEY_CHECKS, FOREIGN_KEY_CHECKS=0 */;
/*!40101 SET @OLD_SQL_MODE=@@SQL_MODE, SQL_MODE='NO_AUTO_VALUE_ON_ZERO' */;
/*!40111 SET @OLD_SQL_NOTES=@@SQL_NOTES, SQL_NOTES=0 */;

--
-- Table structure for table `bcc_button`
--

DROP TABLE IF EXISTS `bcc_button`;
/*!40101 SET @saved_cs_client     = @@character_set_client */;
/*!40101 SET character_set_client = utf8 */;
CREATE TABLE `bcc_button` (
  `id` int(11) NOT NULL AUTO_INCREMENT COMMENT 'id',
  `name` varchar(30) DEFAULT NULL COMMENT '名称',
  `button` varchar(200) DEFAULT NULL COMMENT '按钮',
  `description` varchar(100) DEFAULT NULL COMMENT '描述',
  PRIMARY KEY (`id`)
) ENGINE=InnoDB AUTO_INCREMENT=9 DEFAULT CHARSET=utf8;
/*!40101 SET character_set_client = @saved_cs_client */;

--
-- Dumping data for table `bcc_button`
--

LOCK TABLES `bcc_button` WRITE;
/*!40000 ALTER TABLE `bcc_button` DISABLE KEYS */;
INSERT INTO `bcc_button` VALUES (1,'新增','<button type=\"button\" id=\"addFun\" class=\"btn btn-primary marR10\">新增</button>',''),(2,'编辑','<button type=\"button\" id=\"editFun\" class=\"btn btn-info marR10\">编辑</button>',NULL),(3,'删除','<button type=\"button\" id=\"delFun\" class=\"btn btn-danger marR10\">删除</button>',NULL),(4,'上传','<button type=\"button\" id=\"upLoad\" class=\"btn btn-primary marR10\">上传</button>',NULL),(5,'下载','<button type=\"button\" id=\"downLoad\" class=\"btn btn-primary marR10\">下载</button>',NULL),(6,'上移','<button type=\"button\" id=\"bccGridUp\" class=\"btn btn-success marR10\">上移</button>',NULL),(7,'下移','<button type=\"button\" id=\"bccGridDown\" class=\"btn btn btn-grey marR10\">下移</button>',NULL),(8,'分配权限','<button type=\"button\" id=\"permissions\" class=\"btn btn btn-grey marR10\">分配权限</button>',NULL);
/*!40000 ALTER TABLE `bcc_button` ENABLE KEYS */;
UNLOCK TABLES;

--
-- Table structure for table `bcc_log`
--

DROP TABLE IF EXISTS `bcc_log`;
/*!40101 SET @saved_cs_client     = @@character_set_client */;
/*!40101 SET character_set_client = utf8 */;
CREATE TABLE `bcc_log` (
  `id` int(11) NOT NULL AUTO_INCREMENT COMMENT 'Id',
  `accountName` varchar(30) DEFAULT NULL COMMENT '账号',
  `module` varchar(30) DEFAULT NULL COMMENT '模块',
  `methods` varchar(255) DEFAULT NULL COMMENT '操作',
  `actionTime` int(11) DEFAULT NULL COMMENT '响应时间',
  `userIP` varchar(30) DEFAULT NULL COMMENT 'IP地址',
  `operTime` timestamp NOT NULL DEFAULT CURRENT_TIMESTAMP ON UPDATE CURRENT_TIMESTAMP COMMENT '操作时间',
  `description` varchar(5000) DEFAULT NULL COMMENT '描述',
  PRIMARY KEY (`id`)
) ENGINE=InnoDB AUTO_INCREMENT=409 DEFAULT CHARSET=utf8;
/*!40101 SET character_set_client = @saved_cs_client */;

--
-- Dumping data for table `bcc_log`
--

LOCK TABLES `bcc_log` WRITE;
/*!40000 ALTER TABLE `bcc_log` DISABLE KEYS */;
INSERT INTO `bcc_log` VALUES (135,'admin','系统管理','用户管理-新增用户',10,'0:0:0:0:0:0:0:1','2015-12-18 06:49:55','执行成功!'),(136,'admin','系统管理','用户管理/组管理-修改权限',109,'0:0:0:0:0:0:0:1','2015-12-18 06:53:18','执行成功!'),(137,'admin','系统管理','用户管理-修改用户',114,'0:0:0:0:0:0:0:1','2015-12-18 06:54:03','执行成功!'),(138,'admin','系统管理','用户管理/组管理-修改权限',5,'0:0:0:0:0:0:0:1','2015-12-18 06:56:11','执行成功!'),(139,'admin','系统管理','资源管理-新增资源',6,'0:0:0:0:0:0:0:1','2015-12-18 07:40:08','执行成功!'),(140,'admin','系统管理','资源管理-新增资源',4,'0:0:0:0:0:0:0:1','2015-12-18 07:42:22','执行成功!'),(141,'admin','系统管理','资源管理-修改资源',3,'0:0:0:0:0:0:0:1','2015-12-18 07:42:58','执行成功!'),(142,'admin','系统管理','资源管理-修改资源',3,'0:0:0:0:0:0:0:1','2015-12-18 07:43:19','执行成功!'),(143,'admin','系统管理','资源管理-修改资源',5,'0:0:0:0:0:0:0:1','2015-12-18 07:43:41','执行成功!'),(144,'admin','系统管理','用户管理/组管理-修改权限',6,'0:0:0:0:0:0:0:1','2015-12-18 07:46:40','执行成功!'),(146,'admin','系统管理','用户管理/组管理-修改权限',11,'0:0:0:0:0:0:0:1','2015-12-18 09:47:47','执行成功!'),(147,'admin','系统管理','用户管理-删除用户',6,'0:0:0:0:0:0:0:1','2015-12-18 11:47:22','执行成功!'),(148,'admin','系统管理','用户管理/组管理-修改权限',7,'0:0:0:0:0:0:0:1','2015-12-18 11:47:30','执行成功!'),(149,'admin','系统管理','用户管理-新增用户',8,'0:0:0:0:0:0:0:1','2015-12-20 07:21:38','执行成功!'),(150,'admin','系统管理','用户管理-修改用户',140,'0:0:0:0:0:0:0:1','2015-12-20 07:22:43','执行成功!'),(151,'admin','系统管理','资源管理-新增资源',6,'0:0:0:0:0:0:0:1','2015-12-21 06:30:10','执行成功!'),(152,'admin','系统管理','资源管理-修改资源',2,'0:0:0:0:0:0:0:1','2015-12-21 06:30:37','执行成功!'),(153,'admin','系统管理','资源管理-新增资源',3,'0:0:0:0:0:0:0:1','2015-12-21 06:31:10','执行成功!'),(154,'admin','系统管理','用户管理/组管理-修改权限',1,'0:0:0:0:0:0:0:1','2015-12-21 06:31:54','执行成功!'),(155,'admin','系统管理','用户管理/组管理-修改权限',2,'0:0:0:0:0:0:0:1','2015-12-21 06:32:01','执行成功!'),(156,'admin','系统管理','资源管理-删除资源',132,'0:0:0:0:0:0:0:1','2015-12-21 06:32:59','执行成功!'),(157,'admin','系统管理','用户管理/组管理-修改权限',109,'0:0:0:0:0:0:0:1','2015-12-21 06:34:40','执行成功!'),(158,'admin','系统管理','资源管理-修改资源',7,'0:0:0:0:0:0:0:1','2015-12-21 08:03:25','执行成功!'),(159,'admin','系统管理','资源管理-新增资源',2,'0:0:0:0:0:0:0:1','2015-12-21 08:04:35','执行成功!'),(160,'admin','系统管理','用户管理-删除用户',8,'0:0:0:0:0:0:0:1','2015-12-21 08:15:35','执行成功!'),(161,'admin','系统管理','用户管理/组管理-修改权限',6,'0:0:0:0:0:0:0:1','2015-12-21 08:15:42','执行成功!'),(162,'admin','系统管理','用户管理/组管理-修改权限',3,'0:0:0:0:0:0:0:1','2015-12-21 08:15:59','执行成功!'),(163,'admin','系统管理','资源管理-新增资源',31,'0:0:0:0:0:0:0:1','2016-02-03 01:58:46','执行成功!'),(164,'admin','系统管理','资源管理-新增资源',28,'0:0:0:0:0:0:0:1','2016-02-03 01:59:16','执行成功!'),(165,'admin','系统管理','资源管理-新增资源',18,'0:0:0:0:0:0:0:1','2016-02-21 08:03:12','执行成功!'),(166,'admin','系统管理','资源管理-修改资源',5,'0:0:0:0:0:0:0:1','2016-02-22 06:10:31','执行成功!'),(167,'admin','系统管理','资源管理-修改资源',15,'0:0:0:0:0:0:0:1','2016-02-22 06:14:42','执行成功!'),(168,'admin','系统管理','资源管理-删除资源',74,'0:0:0:0:0:0:0:1','2016-02-22 06:25:23','执行成功!'),(169,'admin','系统管理','资源管理-新增资源',22,'0:0:0:0:0:0:0:1','2016-03-06 08:52:37','执行成功!'),(170,'admin','系统管理','资源管理-修改资源',27,'0:0:0:0:0:0:0:1','2016-03-06 08:53:07','执行成功!'),(171,'admin','系统管理','资源管理-修改资源',20,'0:0:0:0:0:0:0:1','2016-03-06 08:53:23','执行成功!'),(172,'admin','系统管理','角色管理/组管理-修改权限',70,'0:0:0:0:0:0:0:1','2016-03-07 02:12:18','执行成功!'),(173,'admin','系统管理','角色管理/组管理-修改权限',71,'0:0:0:0:0:0:0:1','2016-03-07 02:12:44','执行成功!'),(174,'admin','系统管理','角色管理/组管理-修改权限',83,'0:0:0:0:0:0:0:1','2016-03-08 13:13:24','执行成功!'),(175,'admin','系统管理','资源管理-新增资源',20,'0:0:0:0:0:0:0:1','2016-03-09 16:40:13','执行成功!'),(176,'admin','系统管理','资源管理-修改资源',13,'0:0:0:0:0:0:0:1','2016-03-09 16:40:40','执行成功!'),(177,'admin','系统管理','资源管理-新增资源',21,'0:0:0:0:0:0:0:1','2016-03-09 16:47:43','执行成功!'),(178,'admin','系统管理','角色管理/组管理-修改权限',66,'0:0:0:0:0:0:0:1','2016-03-09 16:59:30','执行成功!'),(179,'admin','系统管理','资源管理-修改资源',18,'0:0:0:0:0:0:0:1','2016-03-09 17:00:02','执行成功!'),(180,'admin','系统管理','角色管理/组管理-修改权限',36,'0:0:0:0:0:0:0:1','2016-03-09 17:00:18','执行成功!'),(181,'admin','系统管理','角色管理/组管理-修改权限',45,'127.0.0.1','2016-03-10 09:48:33','执行成功!'),(182,'admin','系统管理','资源管理-新增资源',35,'0:0:0:0:0:0:0:1','2016-03-10 10:30:35','执行成功!'),(183,'admin','系统管理','资源管理-修改资源',3,'0:0:0:0:0:0:0:1','2016-03-10 10:33:04','执行成功!'),(184,'admin','系统管理','资源管理-新增资源',19,'0:0:0:0:0:0:0:1','2016-03-10 11:30:43','执行成功!'),(185,'admin','系统管理','角色管理/组管理-修改权限',99,'0:0:0:0:0:0:0:1','2016-03-10 11:31:39','执行成功!'),(186,'admin','系统管理','角色管理/组管理-修改权限',52,'127.0.0.1','2016-03-13 15:31:47','执行成功!'),(187,'admin','系统管理','角色管理/组管理-修改权限',36,'127.0.0.1','2016-03-13 15:33:41','执行成功!'),(188,'admin','系统管理','角色管理/组管理-修改权限',40,'127.0.0.1','2016-03-13 15:34:33','执行成功!'),(189,'admin','系统管理','角色管理/组管理-修改权限',37,'127.0.0.1','2016-03-13 15:35:13','执行成功!'),(190,'admin','系统管理','角色管理/组管理-修改权限',61,'127.0.0.1','2016-03-13 15:35:33','执行成功!'),(191,'admin','系统管理','角色管理/组管理-修改权限',42,'127.0.0.1','2016-03-13 15:36:52','执行成功!'),(192,'admin','系统管理','角色管理/组管理-修改权限',45,'127.0.0.1','2016-03-13 15:37:43','执行成功!'),(193,'admin','系统管理','角色管理/组管理-修改权限',41,'127.0.0.1','2016-03-13 15:38:48','执行成功!'),(194,'admin','系统管理','角色管理/组管理-修改权限',42,'127.0.0.1','2016-03-13 15:41:22','执行成功!'),(195,'admin','系统管理','角色管理/组管理-修改权限',43,'127.0.0.1','2016-03-13 15:42:32','执行成功!'),(196,'admin','系统管理','角色管理/组管理-修改权限',32,'127.0.0.1','2016-03-13 15:44:38','执行成功!'),(197,'admin','系统管理','角色管理/组管理-修改权限',39,'127.0.0.1','2016-03-13 15:45:48','执行成功!'),(198,'admin','系统管理','角色管理/组管理-修改权限',42,'127.0.0.1','2016-03-13 15:47:00','执行成功!'),(199,'admin','系统管理','角色管理/组管理-修改权限',49,'127.0.0.1','2016-03-13 15:48:00','执行成功!'),(200,'admin','系统管理','角色管理/组管理-修改权限',59,'127.0.0.1','2016-03-13 15:48:46','执行成功!'),(201,'admin','系统管理','角色管理/组管理-修改权限',42,'127.0.0.1','2016-03-13 15:50:38','执行成功!'),(202,'admin','系统管理','角色管理/组管理-修改权限',40,'127.0.0.1','2016-03-13 15:52:16','执行成功!'),(203,'admin','系统管理','角色管理/组管理-修改权限',20,'127.0.0.1','2016-03-13 15:54:11','执行成功!'),(204,'admin','系统管理','角色管理/组管理-修改权限',24,'127.0.0.1','2016-03-13 15:54:14','执行成功!'),(205,'admin','系统管理','角色管理/组管理-修改权限',29,'127.0.0.1','2016-03-13 15:56:21','执行成功!'),(206,'admin','系统管理','角色管理/组管理-修改权限',27,'127.0.0.1','2016-03-13 15:57:05','执行成功!'),(207,'admin','系统管理','角色管理/组管理-修改权限',26,'127.0.0.1','2016-03-13 15:58:06','执行成功!'),(208,'admin','系统管理','角色管理/组管理-修改权限',33,'127.0.0.1','2016-03-13 15:58:54','执行成功!'),(209,'admin','系统管理','角色管理/组管理-修改权限',39,'127.0.0.1','2016-03-13 16:00:48','执行成功!'),(210,'admin','系统管理','角色管理/组管理-修改权限',33,'127.0.0.1','2016-03-13 16:03:48','执行成功!'),(211,'admin','系统管理','角色管理/组管理-修改权限',28,'127.0.0.1','2016-03-13 16:04:20','执行成功!'),(212,'admin','系统管理','角色管理/组管理-修改权限',39,'127.0.0.1','2016-03-13 16:04:51','执行成功!'),(213,'admin','系统管理','角色管理/组管理-修改权限',31,'127.0.0.1','2016-03-13 16:06:05','执行成功!'),(214,'admin','系统管理','角色管理/组管理-修改权限',52,'127.0.0.1','2016-03-13 16:07:28','执行成功!'),(215,'admin','系统管理','角色管理/组管理-修改权限',26,'127.0.0.1','2016-03-13 16:09:22','执行成功!'),(216,'admin','系统管理','角色管理/组管理-修改权限',49,'127.0.0.1','2016-03-13 16:11:03','执行成功!'),(217,'admin','系统管理','角色管理/组管理-修改权限',35,'127.0.0.1','2016-03-13 16:13:21','执行成功!'),(218,'admin','系统管理','角色管理/组管理-修改权限',25,'127.0.0.1','2016-03-13 16:16:19','执行成功!'),(219,'admin','系统管理','角色管理/组管理-修改权限',23,'127.0.0.1','2016-03-13 16:17:29','执行成功!'),(220,'admin','系统管理','角色管理/组管理-修改权限',29,'127.0.0.1','2016-03-13 16:25:31','执行成功!'),(221,'admin','系统管理','角色管理/组管理-修改权限',40,'127.0.0.1','2016-03-13 16:30:33','执行成功!'),(222,'admin','系统管理','角色管理/组管理-修改权限',34,'127.0.0.1','2016-03-13 16:38:25','执行成功!'),(223,'admin','系统管理','角色管理/组管理-修改权限',24,'127.0.0.1','2016-03-13 16:40:02','执行成功!'),(224,'admin','系统管理','角色管理/组管理-修改权限',23,'127.0.0.1','2016-03-13 16:41:47','执行成功!'),(225,'admin','系统管理','角色管理/组管理-修改权限',40,'127.0.0.1','2016-03-13 16:44:14','执行成功!'),(226,'admin','系统管理','角色管理/组管理-修改权限',32,'0:0:0:0:0:0:0:1','2016-03-13 16:55:05','执行成功!'),(227,'admin','系统管理','角色管理/组管理-修改权限',18,'0:0:0:0:0:0:0:1','2016-03-13 16:57:27','执行成功!'),(228,'admin','系统管理','角色管理/组管理-修改权限',22,'0:0:0:0:0:0:0:1','2016-03-13 16:57:41','执行成功!'),(229,'admin','系统管理','角色管理/组管理-修改权限',43,'127.0.0.1','2016-03-13 17:03:51','执行成功!'),(230,'admin','系统管理','角色管理/组管理-修改权限',50,'127.0.0.1','2016-03-13 17:05:07','执行成功!'),(231,'admin','系统管理','资源管理-新增资源',15,'0:0:0:0:0:0:0:1','2016-03-13 17:13:25','执行成功!'),(232,'admin','系统管理','资源管理-修改资源',1,'0:0:0:0:0:0:0:1','2016-03-13 17:13:48','执行成功!'),(233,'admin','系统管理','资源管理-新增资源',12,'0:0:0:0:0:0:0:1','2016-03-13 17:16:08','执行成功!'),(234,'admin','系统管理','资源管理-修改资源',2,'0:0:0:0:0:0:0:1','2016-03-13 17:16:33','执行成功!'),(235,'admin','系统管理','资源管理-新增资源',19,'0:0:0:0:0:0:0:1','2016-03-13 17:17:37','执行成功!'),(236,'admin','系统管理','资源管理-新增资源',11,'0:0:0:0:0:0:0:1','2016-03-13 17:18:40','执行成功!'),(237,'admin','系统管理','角色管理/组管理-修改权限',83,'0:0:0:0:0:0:0:1','2016-03-13 17:19:19','执行成功!'),(238,'admin','系统管理','角色管理/组管理-修改权限',35,'127.0.0.1','2016-03-14 09:33:49','执行成功!'),(239,'admin','角色管理','角色管理-添加角色',83,'127.0.0.1','2016-03-14 16:17:38','执行成功!'),(240,'admin','系统管理','角色管理/组管理-修改权限',35,'0:0:0:0:0:0:0:1','2016-03-14 17:15:30','执行成功!'),(241,'admin','用户管理','用户管理-修改用户',175,'127.0.0.1','2016-03-15 11:04:13','执行成功!'),(242,'admin','用户管理','用户管理-修改用户',232,'127.0.0.1','2016-03-15 11:06:02','执行成功!'),(243,'admin','用户管理','用户管理-修改用户',235,'127.0.0.1','2016-03-15 11:08:13','执行成功!'),(244,'admin','系统管理','角色管理/组管理-修改权限',121,'0:0:0:0:0:0:0:1','2016-03-15 11:08:37','执行成功!'),(245,'admin','用户管理','用户管理-新增用户',185,'127.0.0.1','2016-03-15 13:41:00','执行成功!'),(246,'admin','用户管理','用户管理-新增用户',158,'127.0.0.1','2016-03-15 13:45:46','执行成功!'),(247,'admin','系统管理','资源管理-新增资源',17,'0:0:0:0:0:0:0:1','2016-03-15 13:45:48','执行成功!'),(248,'admin','系统管理','资源管理-新增资源',26,'0:0:0:0:0:0:0:1','2016-03-15 13:47:05','执行成功!'),(249,'admin','系统管理','资源管理-新增资源',18,'0:0:0:0:0:0:0:1','2016-03-15 13:48:24','执行成功!'),(250,'admin','系统管理','资源管理-新增资源',23,'0:0:0:0:0:0:0:1','2016-03-15 13:49:31','执行成功!'),(251,'admin','系统管理','角色管理/组管理-修改权限',74,'0:0:0:0:0:0:0:1','2016-03-15 13:49:46','执行成功!'),(252,'admin','系统管理','资源管理-修改资源',6,'0:0:0:0:0:0:0:1','2016-03-15 14:42:43','执行成功!'),(253,'admin','系统管理','资源管理-新增资源',14,'127.0.0.1','2016-03-16 23:23:16','执行成功!'),(254,'admin','系统管理','资源管理-新增资源',13,'127.0.0.1','2016-03-16 23:24:10','执行成功!'),(255,'admin','系统管理','资源管理-新增资源',10,'127.0.0.1','2016-03-16 23:24:45','执行成功!'),(256,'admin','系统管理','资源管理-新增资源',15,'127.0.0.1','2016-03-16 23:25:16','执行成功!'),(257,'admin','系统管理','角色管理/组管理-修改权限',231,'127.0.0.1','2016-03-16 23:25:33','执行成功!'),(258,'admin','角色管理','角色管理-删除角色',63,'127.0.0.1','2016-03-17 01:14:50','执行成功!'),(259,'admin','系统管理','资源管理-修改资源',51,'127.0.0.1','2016-03-20 22:19:43','执行成功!'),(260,'admin','系统管理','资源管理-新增资源',24,'127.0.0.1','2016-03-20 22:22:00','执行成功!'),(261,'admin','系统管理','角色管理/组管理-修改权限',396,'127.0.0.1','2016-03-20 22:22:34','执行成功!'),(262,'admin','系统管理','资源管理-新增资源',17,'127.0.0.1','2016-03-20 22:28:29','执行成功!'),(263,'admin','系统管理','资源管理-新增资源',29,'127.0.0.1','2016-03-20 22:35:29','执行成功!'),(264,'admin','系统管理','资源管理-新增资源',14,'127.0.0.1','2016-03-20 22:36:28','执行成功!'),(265,'admin','系统管理','角色管理/组管理-修改权限',425,'127.0.0.1','2016-03-20 22:45:49','执行成功!'),(266,'admin','角色管理','角色管理-添加角色',182,'127.0.0.1','2016-03-20 23:38:05','执行成功!'),(267,'admin','角色管理','角色管理-删除角色',154,'127.0.0.1','2016-03-20 23:39:19','执行成功!'),(268,'admin','用户管理','用户管理-删除用户',531,'127.0.0.1','2016-03-21 01:22:50','执行成功!'),(269,'admin','角色管理','角色管理-删除角色',471,'127.0.0.1','2016-03-21 01:23:01','执行成功!'),(270,'admin','角色管理','角色管理-删除角色',291,'127.0.0.1','2016-03-21 01:23:06','执行成功!'),(271,'admin','角色管理','角色管理-删除角色',232,'127.0.0.1','2016-03-21 01:23:12','执行成功!'),(272,'admin','角色管理','角色管理-删除角色',15,'127.0.0.1','2016-03-22 01:06:15','执行成功!'),(273,'admin','角色管理','角色管理-修改角色',70,'127.0.0.1','2016-03-22 01:06:23','执行成功!'),(274,'admin','角色管理','角色管理-修改角色',80,'127.0.0.1','2016-03-22 01:06:28','执行成功!'),(275,'admin','角色管理','角色管理-修改角色',64,'127.0.0.1','2016-03-22 01:06:48','执行成功!'),(276,'admin','角色管理','角色管理-添加角色',194,'127.0.0.1','2016-03-22 19:04:28','执行成功!'),(277,'admin','系统管理','角色管理/组管理-修改权限',76,'127.0.0.1','2016-03-22 19:06:15','执行成功!'),(278,'admin','用户管理','用户管理-删除用户',581,'127.0.0.1','2016-03-22 19:06:32','执行成功!'),(279,'admin','用户管理','用户管理-删除用户',503,'127.0.0.1','2016-03-22 19:06:40','执行成功!'),(280,'admin','用户管理','用户管理-删除用户',99,'127.0.0.1','2016-03-22 20:18:51','执行成功!'),(281,'1@bcc.ac.cn','用户管理','用户管理-新增用户',382,'127.0.0.1','2016-03-23 00:19:47','执行成功!'),(282,'admin','系统管理','资源管理-新增资源',19,'0:0:0:0:0:0:0:1','2016-03-23 21:29:10','执行成功!'),(283,'admin','系统管理','资源管理-新增资源',12,'0:0:0:0:0:0:0:1','2016-03-23 21:30:39','执行成功!'),(284,'admin','系统管理','角色管理/组管理-修改权限',95,'0:0:0:0:0:0:0:1','2016-03-23 21:31:08','执行成功!'),(285,'admin','系统管理','资源管理-新增资源',13,'0:0:0:0:0:0:0:1','2016-03-23 21:53:28','执行成功!'),(286,'admin','系统管理','角色管理/组管理-修改权限',170,'0:0:0:0:0:0:0:1','2016-03-23 21:55:33','执行成功!'),(287,'admin','用户管理','用户管理-新增用户',1495,'127.0.0.1','2016-03-23 22:02:11','执行成功!'),(288,'admin','用户管理','用户管理-新增用户',244,'127.0.0.1','2016-03-23 22:04:45','执行成功!'),(289,'admin','系统管理','资源管理-新增资源',17,'0:0:0:0:0:0:0:1','2016-03-23 22:05:34','执行成功!'),(290,'admin','用户管理','用户管理-新增用户',398,'127.0.0.1','2016-03-23 22:06:10','执行成功!'),(291,'admin','系统管理','资源管理-新增资源',17,'0:0:0:0:0:0:0:1','2016-03-23 22:07:26','执行成功!'),(292,'admin','系统管理','角色管理/组管理-修改权限',72,'0:0:0:0:0:0:0:1','2016-03-23 22:07:56','执行成功!'),(293,'admin','角色管理','角色管理-删除角色',14,'0:0:0:0:0:0:0:1','2016-03-23 22:08:13','执行成功!'),(294,'admin','用户管理','用户管理-新增用户',30057,'127.0.0.1','2016-03-23 22:15:19','执行成功!'),(295,'admin','用户管理','用户管理-删除用户',4015,'127.0.0.1','2016-03-23 22:15:41','执行成功!'),(296,'admin','用户管理','用户管理-删除用户',20621,'127.0.0.1','2016-03-23 22:16:12','执行成功!'),(297,'admin','用户管理','用户管理-删除用户',26174,'127.0.0.1','2016-03-23 22:17:15','执行成功!'),(298,'admin','用户管理','用户管理-修改用户',297,'127.0.0.1','2016-03-23 23:29:48','执行成功!'),(299,'admin','用户管理','用户管理-修改用户',447,'127.0.0.1','2016-03-23 23:30:06','执行成功!'),(300,'admin','用户管理','用户管理-修改用户',395,'127.0.0.1','2016-03-23 23:30:29','执行成功!'),(301,'admin','用户管理','用户管理-修改用户',325,'127.0.0.1','2016-03-23 23:30:47','执行成功!'),(302,'admin','用户管理','用户管理-修改用户',137,'127.0.0.1','2016-03-23 23:30:55','执行成功!'),(303,'admin','角色管理','角色管理-修改角色',80,'127.0.0.1','2016-03-23 23:32:35','执行成功!'),(304,'admin','角色管理','角色管理-修改角色',81,'127.0.0.1','2016-03-23 23:32:47','执行成功!'),(305,'admin','角色管理','角色管理-修改角色',102,'127.0.0.1','2016-03-23 23:32:57','执行成功!'),(306,'admin','角色管理','角色管理-修改角色',69,'127.0.0.1','2016-03-23 23:33:01','执行成功!'),(307,'admin','用户管理','用户管理-修改用户',134,'127.0.0.1','2016-03-23 23:40:14','执行成功!'),(308,'admin','用户管理','用户管理-修改用户',267,'127.0.0.1','2016-03-24 01:24:22','执行成功!'),(309,'admin','用户管理','用户管理-修改用户',129,'127.0.0.1','2016-03-24 01:24:30','执行成功!'),(310,'admin','角色管理','角色管理-删除角色',70,'127.0.0.1','2016-03-24 17:42:01','执行成功!'),(311,'admin','系统管理','资源管理-新增资源',44,'127.0.0.1','2016-03-24 22:10:23','执行成功!'),(312,'admin','系统管理','资源管理-修改资源',2,'127.0.0.1','2016-03-24 22:10:43','执行成功!'),(313,'admin','系统管理','资源管理-新增资源',22,'127.0.0.1','2016-03-24 22:18:12','执行成功!'),(314,'admin','系统管理','角色管理/组管理-修改权限',127,'127.0.0.1','2016-03-24 22:20:11','执行成功!'),(315,'admin','系统管理','角色管理/组管理-修改权限',91,'127.0.0.1','2016-03-24 22:21:24','执行成功!'),(316,'admin','用户管理','用户管理-修改用户',243,'127.0.0.1','2016-03-24 22:23:06','执行成功!'),(317,'admin','用户管理','用户管理-修改用户',199,'127.0.0.1','2016-03-24 22:24:04','执行成功!'),(318,'admin','用户管理','用户管理-修改用户',154,'127.0.0.1','2016-03-24 22:24:28','执行成功!'),(319,'admin','系统管理','角色管理/组管理-修改权限',118,'127.0.0.1','2016-03-24 22:24:55','执行成功!'),(320,'admin','用户管理','用户管理-修改用户',170,'127.0.0.1','2016-03-24 22:35:47','执行成功!'),(321,'admin','用户管理','用户管理-修改用户',155,'127.0.0.1','2016-03-24 22:36:09','执行成功!'),(322,'admin','系统管理','资源管理-修改资源',5,'127.0.0.1','2016-03-24 23:07:06','执行成功!'),(323,'admin','系统管理','资源管理-修改资源',3,'127.0.0.1','2016-03-24 23:09:45','执行成功!'),(324,'admin','用户管理','用户管理-修改用户',266,'127.0.0.1','2016-03-24 23:19:08','执行成功!'),(325,'admin','用户管理','用户管理-修改用户',297,'127.0.0.1','2016-03-24 23:23:30','执行成功!'),(326,'admin','用户管理','用户管理-修改用户',267,'127.0.0.1','2016-03-25 00:17:07','执行成功!'),(327,'admin','用户管理','用户管理-修改用户',289,'127.0.0.1','2016-03-25 00:17:42','执行成功!'),(328,'admin','用户管理','用户管理-修改用户',283,'127.0.0.1','2016-03-25 00:19:34','执行成功!'),(329,'admin','角色管理','角色管理-修改角色',26,'127.0.0.1','2016-03-25 00:23:57','执行成功!'),(330,'admin','角色管理','角色管理-修改角色',25,'127.0.0.1','2016-03-25 00:24:26','执行成功!'),(331,'admin','角色管理','角色管理-修改角色',133,'127.0.0.1','2016-03-25 00:25:19','执行成功!'),(332,'admin','用户管理','用户管理-修改用户',236,'127.0.0.1','2016-03-25 00:30:31','执行成功!'),(333,'admin','用户管理','用户管理-修改用户',341,'127.0.0.1','2016-03-25 00:47:53','执行成功!'),(334,'admin','用户管理','用户管理-修改用户',204,'127.0.0.1','2016-03-25 00:49:09','执行成功!'),(335,'admin','角色管理','角色管理-修改角色',77,'127.0.0.1','2016-03-25 00:51:21','执行成功!'),(336,'admin','角色管理','角色管理-修改角色',62,'127.0.0.1','2016-03-25 00:51:28','执行成功!'),(337,'admin','用户管理','用户管理-修改用户',252,'127.0.0.1','2016-03-25 00:51:51','执行成功!'),(338,'admin','用户管理','用户管理-修改用户',386,'127.0.0.1','2016-03-25 00:52:07','执行成功!'),(339,'admin','用户管理','用户管理-修改用户',327,'127.0.0.1','2016-03-25 00:52:47','执行成功!'),(340,'admin','角色管理','角色管理-修改角色',60,'127.0.0.1','2016-03-25 00:56:17','执行成功!'),(341,'admin','用户管理','<font color=\"red\">执行方法异常:-->用户管理-修改用户</font>',0,'127.0.0.1','2016-03-25 01:36:51','<font color=\"red\">执行方法异常:-->java.lang.RuntimeException: net.sf.json.JSONException: A JSONArray text must start with \'[\' at character 0 of </font>'),(342,'admin','用户管理','<font color=\"red\">执行方法异常:-->用户管理-修改用户</font>',0,'127.0.0.1','2016-03-25 01:37:17','<font color=\"red\">执行方法异常:-->java.lang.RuntimeException: net.sf.json.JSONException: A JSONArray text must start with \'[\' at character 0 of </font>'),(343,'admin','用户管理','<font color=\"red\">执行方法异常:-->用户管理-修改用户</font>',0,'127.0.0.1','2016-03-25 01:37:50','<font color=\"red\">执行方法异常:-->java.lang.RuntimeException: net.sf.json.JSONException: A JSONArray text must start with \'[\' at character 0 of </font>'),(344,'admin','用户管理','<font color=\"red\">执行方法异常:-->用户管理-修改用户</font>',0,'127.0.0.1','2016-03-25 01:38:53','<font color=\"red\">执行方法异常:-->java.lang.RuntimeException: net.sf.json.JSONException: A JSONArray text must start with \'[\' at character 0 of </font>'),(345,'admin','用户管理','<font color=\"red\">执行方法异常:-->用户管理-修改用户</font>',0,'127.0.0.1','2016-03-25 01:42:09','<font color=\"red\">执行方法异常:-->java.lang.RuntimeException: net.sf.json.JSONException: A JSONArray text must start with \'[\' at character 0 of </font>'),(346,'admin','用户管理','<font color=\"red\">执行方法异常:-->用户管理-修改用户</font>',0,'127.0.0.1','2016-03-25 01:43:08','<font color=\"red\">执行方法异常:-->java.lang.RuntimeException: net.sf.json.JSONException: A JSONArray text must start with \'[\' at character 0 of </font>'),(347,'admin','用户管理','<font color=\"red\">执行方法异常:-->用户管理-修改用户</font>',0,'127.0.0.1','2016-03-25 01:45:06','<font color=\"red\">执行方法异常:-->java.lang.RuntimeException: net.sf.json.JSONException: A JSONArray text must start with \'[\' at character 0 of </font>'),(348,'admin','角色管理','角色管理-修改角色',63,'127.0.0.1','2016-03-25 01:45:39','执行成功!'),(349,'admin','角色管理','角色管理-修改角色',52,'127.0.0.1','2016-03-25 01:45:55','执行成功!'),(350,'admin','角色管理','角色管理-修改角色',35,'127.0.0.1','2016-03-25 01:46:06','执行成功!'),(351,'admin','角色管理','角色管理-修改角色',68,'127.0.0.1','2016-03-25 01:46:18','执行成功!'),(352,'admin','用户管理','<font color=\"red\">执行方法异常:-->用户管理-修改用户</font>',0,'127.0.0.1','2016-03-25 01:46:28','<font color=\"red\">执行方法异常:-->java.lang.RuntimeException: net.sf.json.JSONException: A JSONArray text must start with \'[\' at character 0 of </font>'),(353,'admin','用户管理','<font color=\"red\">执行方法异常:-->用户管理-修改用户</font>',0,'127.0.0.1','2016-03-25 01:46:52','<font color=\"red\">执行方法异常:-->java.lang.RuntimeException: net.sf.json.JSONException: A JSONArray text must start with \'[\' at character 0 of </font>'),(354,'admin','用户管理','<font color=\"red\">执行方法异常:-->用户管理-修改用户</font>',0,'127.0.0.1','2016-03-25 01:49:03','<font color=\"red\">执行方法异常:-->java.lang.RuntimeException: net.sf.json.JSONException: A JSONArray text must start with \'[\' at character 0 of </font>'),(355,'admin','用户管理','<font color=\"red\">执行方法异常:-->用户管理-修改用户</font>',0,'127.0.0.1','2016-03-25 01:49:57','<font color=\"red\">执行方法异常:-->java.lang.RuntimeException: net.sf.json.JSONException: A JSONArray text must start with \'[\' at character 0 of </font>'),(356,'admin','用户管理','<font color=\"red\">执行方法异常:-->用户管理-修改用户</font>',0,'127.0.0.1','2016-03-25 01:50:11','<font color=\"red\">执行方法异常:-->java.lang.RuntimeException: net.sf.json.JSONException: A JSONArray text must start with \'[\' at character 0 of </font>'),(357,'admin','用户管理','<font color=\"red\">执行方法异常:-->用户管理-修改用户</font>',0,'127.0.0.1','2016-03-25 01:51:36','<font color=\"red\">执行方法异常:-->java.lang.RuntimeException: net.sf.json.JSONException: A JSONArray text must start with \'[\' at character 0 of </font>'),(358,'admin','用户管理','<font color=\"red\">执行方法异常:-->用户管理-修改用户</font>',0,'127.0.0.1','2016-03-25 01:51:55','<font color=\"red\">执行方法异常:-->java.lang.RuntimeException: net.sf.json.JSONException: A JSONArray text must start with \'[\' at character 0 of </font>'),(359,'admin','用户管理','用户管理-修改用户',667,'127.0.0.1','2016-03-25 01:52:11','执行成功!'),(360,'admin','用户管理','用户管理-修改用户',304,'127.0.0.1','2016-03-25 01:52:24','执行成功!'),(361,'admin','用户管理','<font color=\"red\">执行方法异常:-->用户管理-修改用户</font>',0,'127.0.0.1','2016-03-25 01:53:05','<font color=\"red\">执行方法异常:-->java.lang.RuntimeException: net.sf.json.JSONException: A JSONArray text must start with \'[\' at character 0 of </font>'),(362,'admin','用户管理','<font color=\"red\">执行方法异常:-->用户管理-修改用户</font>',0,'127.0.0.1','2016-03-25 01:54:27','<font color=\"red\">执行方法异常:-->java.lang.RuntimeException: net.sf.json.JSONException: A JSONArray text must start with \'[\' at character 0 of </font>'),(363,'admin','用户管理','<font color=\"red\">执行方法异常:-->用户管理-修改用户</font>',0,'127.0.0.1','2016-03-25 01:54:48','<font color=\"red\">执行方法异常:-->java.lang.RuntimeException: net.sf.json.JSONException: JSONArray[0] is not a number.</font>'),(364,'admin','用户管理','用户管理-修改用户',158,'127.0.0.1','2016-03-25 01:54:55','执行成功!'),(365,'admin','用户管理','用户管理-修改用户',252,'127.0.0.1','2016-03-25 01:55:06','执行成功!'),(366,'admin','用户管理','用户管理-修改用户',249,'127.0.0.1','2016-03-25 01:55:31','执行成功!'),(367,'admin','用户管理','用户管理-修改用户',290,'127.0.0.1','2016-03-25 01:55:43','执行成功!'),(368,'admin','用户管理','用户管理-修改用户',244,'127.0.0.1','2016-03-25 01:55:58','执行成功!'),(369,'admin','用户管理','用户管理-修改用户',270,'127.0.0.1','2016-03-25 01:56:12','执行成功!'),(370,'admin','用户管理','<font color=\"red\">执行方法异常:-->用户管理-修改用户</font>',0,'127.0.0.1','2016-03-25 01:56:25','<font color=\"red\">执行方法异常:-->java.lang.RuntimeException: net.sf.json.JSONException: A JSONArray text must start with \'[\' at character 0 of </font>'),(371,'admin','用户管理','<font color=\"red\">执行方法异常:-->用户管理-修改用户</font>',0,'127.0.0.1','2016-03-25 01:56:38','<font color=\"red\">执行方法异常:-->java.lang.RuntimeException: net.sf.json.JSONException: JSONArray[0] is not a number.</font>'),(372,'admin','用户管理','<font color=\"red\">执行方法异常:-->用户管理-修改用户</font>',0,'127.0.0.1','2016-03-25 01:57:33','<font color=\"red\">执行方法异常:-->java.lang.RuntimeException: net.sf.json.JSONException: A JSONArray text must start with \'[\' at character 0 of </font>'),(373,'admin','用户管理','用户管理-修改用户',176,'127.0.0.1','2016-03-25 01:57:39','执行成功!'),(374,'admin','用户管理','<font color=\"red\">执行方法异常:-->用户管理-修改用户</font>',0,'127.0.0.1','2016-03-25 01:59:21','<font color=\"red\">执行方法异常:-->java.lang.RuntimeException: net.sf.json.JSONException: A JSONArray text must start with \'[\' at character 0 of </font>'),(375,'admin','用户管理','<font color=\"red\">执行方法异常:-->用户管理-修改用户</font>',0,'127.0.0.1','2016-03-25 02:02:12','<font color=\"red\">执行方法异常:-->java.lang.RuntimeException: net.sf.json.JSONException: A JSONArray text must start with \'[\' at character 0 of </font>'),(376,'admin','用户管理','<font color=\"red\">执行方法异常:-->用户管理-修改用户</font>',0,'127.0.0.1','2016-03-25 02:03:11','<font color=\"red\">执行方法异常:-->java.lang.RuntimeException: net.sf.json.JSONException: A JSONArray text must start with \'[\' at character 0 of </font>'),(377,'admin','用户管理','<font color=\"red\">执行方法异常:-->用户管理-修改用户</font>',0,'127.0.0.1','2016-03-25 02:06:04','<font color=\"red\">执行方法异常:-->java.lang.RuntimeException: net.sf.json.JSONException: A JSONArray text must start with \'[\' at character 0 of </font>'),(378,'admin','用户管理','用户管理-修改用户',429,'127.0.0.1','2016-03-28 17:20:52','执行成功!'),(379,'admin','用户管理','<font color=\"red\">执行方法异常:-->用户管理-修改用户</font>',0,'127.0.0.1','2016-03-28 22:09:45','<font color=\"red\">执行方法异常:-->java.lang.RuntimeException: net.sf.json.JSONException: JSONArray[0] is not a number.</font>'),(380,'admin','用户管理','<font color=\"red\">执行方法异常:-->用户管理-修改用户</font>',0,'127.0.0.1','2016-03-28 22:11:55','<font color=\"red\">执行方法异常:-->java.lang.RuntimeException: net.sf.json.JSONException: JSONArray[0] is not a number.</font>'),(381,'admin','用户管理','<font color=\"red\">执行方法异常:-->用户管理-修改用户</font>',0,'127.0.0.1','2016-03-28 22:12:38','<font color=\"red\">执行方法异常:-->java.lang.RuntimeException: net.sf.json.JSONException: JSONArray[0] is not a number.</font>'),(382,'admin','用户管理','<font color=\"red\">执行方法异常:-->用户管理-修改用户</font>',0,'127.0.0.1','2016-03-28 22:13:14','<font color=\"red\">执行方法异常:-->java.lang.RuntimeException: net.sf.json.JSONException: JSONArray[0] is not a number.</font>'),(383,'admin','用户管理','用户管理-修改用户',201,'127.0.0.1','2016-03-28 22:15:26','执行成功!'),(384,'admin','用户管理','<font color=\"red\">执行方法异常:-->用户管理-修改用户</font>',0,'127.0.0.1','2016-03-28 22:16:13','<font color=\"red\">执行方法异常:-->java.lang.RuntimeException: net.sf.json.JSONException: JSONArray[0] is not a number.</font>'),(385,'admin','用户管理','<font color=\"red\">执行方法异常:-->用户管理-修改用户</font>',0,'127.0.0.1','2016-03-28 22:20:47','<font color=\"red\">执行方法异常:-->java.lang.RuntimeException: net.sf.json.JSONException: A JSONArray text must start with \'[\' at character 0 of </font>'),(386,'admin','用户管理','<font color=\"red\">执行方法异常:-->用户管理-修改用户</font>',0,'127.0.0.1','2016-03-28 22:21:59','<font color=\"red\">执行方法异常:-->java.lang.RuntimeException: net.sf.json.JSONException: A JSONArray text must start with \'[\' at character 0 of </font>'),(387,'admin','用户管理','用户管理-修改用户',201,'127.0.0.1','2016-03-28 22:23:59','执行成功!'),(388,'admin','用户管理','<font color=\"red\">执行方法异常:-->用户管理-修改用户</font>',0,'127.0.0.1','2016-03-28 22:26:54','<font color=\"red\">执行方法异常:-->java.lang.RuntimeException: net.sf.json.JSONException: A JSONArray text must start with \'[\' at character 0 of </font>'),(389,'admin','用户管理','<font color=\"red\">执行方法异常:-->用户管理-修改用户</font>',0,'127.0.0.1','2016-03-28 22:29:17','<font color=\"red\">执行方法异常:-->java.lang.RuntimeException: net.sf.json.JSONException: A JSONArray text must start with \'[\' at character 0 of </font>'),(390,'admin','用户管理','用户管理-修改用户',258,'127.0.0.1','2016-03-28 22:33:12','执行成功!'),(391,'admin','用户管理','<font color=\"red\">执行方法异常:-->用户管理-修改用户</font>',0,'127.0.0.1','2016-03-28 22:34:53','<font color=\"red\">执行方法异常:-->java.lang.RuntimeException: net.sf.json.JSONException: A JSONArray text must start with \'[\' at character 0 of </font>'),(392,'admin','用户管理','<font color=\"red\">执行方法异常:-->用户管理-修改用户</font>',0,'127.0.0.1','2016-03-28 22:35:51','<font color=\"red\">执行方法异常:-->java.lang.RuntimeException: net.sf.json.JSONException: A JSONArray text must start with \'[\' at character 0 of </font>'),(393,'admin','用户管理','用户管理-修改用户',350,'127.0.0.1','2016-03-28 22:38:34','执行成功!'),(394,'admin','用户管理','用户管理-修改用户',315,'127.0.0.1','2016-03-28 22:38:45','执行成功!'),(395,'admin','用户管理','用户管理-修改用户',298,'127.0.0.1','2016-03-28 22:38:56','执行成功!'),(396,'admin','用户管理','<font color=\"red\">执行方法异常:-->用户管理-修改用户</font>',0,'127.0.0.1','2016-03-28 22:39:05','<font color=\"red\">执行方法异常:-->java.lang.RuntimeException: net.sf.json.JSONException: A JSONArray text must start with \'[\' at character 0 of </font>'),(397,'admin','用户管理','<font color=\"red\">执行方法异常:-->用户管理-修改用户</font>',0,'127.0.0.1','2016-03-28 22:40:27','<font color=\"red\">执行方法异常:-->java.lang.RuntimeException: net.sf.json.JSONException: A JSONArray text must start with \'[\' at character 0 of </font>'),(398,'admin','用户管理','<font color=\"red\">执行方法异常:-->用户管理-修改用户</font>',0,'127.0.0.1','2016-03-28 22:42:52','<font color=\"red\">执行方法异常:-->java.lang.RuntimeException: net.sf.json.JSONException: A JSONArray text must start with \'[\' at character 0 of </font>'),(399,'admin','用户管理','<font color=\"red\">执行方法异常:-->用户管理-修改用户</font>',0,'127.0.0.1','2016-03-28 22:44:22','<font color=\"red\">执行方法异常:-->java.lang.RuntimeException: net.sf.json.JSONException: A JSONArray text must start with \'[\' at character 0 of </font>'),(400,'admin','用户管理','<font color=\"red\">执行方法异常:-->用户管理-修改用户</font>',0,'127.0.0.1','2016-03-28 22:46:40','<font color=\"red\">执行方法异常:-->java.lang.RuntimeException: net.sf.json.JSONException: A JSONArray text must start with \'[\' at character 0 of </font>'),(401,'admin','用户管理','<font color=\"red\">执行方法异常:-->用户管理-修改用户</font>',0,'127.0.0.1','2016-03-28 22:51:10','<font color=\"red\">执行方法异常:-->java.lang.RuntimeException: net.sf.json.JSONException: JSONArray[0] is not a number.</font>'),(402,'admin','用户管理','<font color=\"red\">执行方法异常:-->用户管理-修改用户</font>',0,'127.0.0.1','2016-03-28 22:51:46','<font color=\"red\">执行方法异常:-->java.lang.RuntimeException: net.sf.json.JSONException: JSONArray[0] is not a number.</font>'),(403,'admin','用户管理','用户管理-修改用户',114,'127.0.0.1','2016-03-28 22:52:02','执行成功!'),(404,'admin','用户管理','<font color=\"red\">执行方法异常:-->用户管理-修改用户</font>',0,'127.0.0.1','2016-03-28 22:53:40','<font color=\"red\">执行方法异常:-->java.lang.RuntimeException: net.sf.json.JSONException: JSONArray[0] is not a number.</font>'),(405,'admin','用户管理','用户管理-修改用户',163,'127.0.0.1','2016-03-28 22:53:51','执行成功!'),(406,'admin','用户管理','用户管理-修改用户',194,'127.0.0.1','2016-03-28 22:54:45','执行成功!'),(407,'admin','用户管理','用户管理-修改用户',207,'127.0.0.1','2016-03-28 22:54:50','执行成功!'),(408,'admin','用户管理','用户管理-修改用户',250,'127.0.0.1','2016-03-28 22:54:55','执行成功!');
/*!40000 ALTER TABLE `bcc_log` ENABLE KEYS */;
UNLOCK TABLES;

--
-- Table structure for table `bcc_res_role`
--

DROP TABLE IF EXISTS `bcc_res_role`;
/*!40101 SET @saved_cs_client     = @@character_set_client */;
/*!40101 SET character_set_client = utf8 */;
CREATE TABLE `bcc_res_role` (
  `resId` int(11) NOT NULL,
  `roleId` int(11) NOT NULL,
  PRIMARY KEY (`roleId`,`resId`)
) ENGINE=InnoDB DEFAULT CHARSET=utf8;
/*!40101 SET character_set_client = @saved_cs_client */;

--
-- Dumping data for table `bcc_res_role`
--

LOCK TABLES `bcc_res_role` WRITE;
/*!40000 ALTER TABLE `bcc_res_role` DISABLE KEYS */;
INSERT INTO `bcc_res_role` VALUES (1,1),(2,1),(3,1),(4,1),(5,1),(6,1),(7,1),(8,1),(9,1),(10,1),(11,1),(29,1),(30,1),(31,1),(34,1),(1,2),(2,2),(4,2),(5,2),(6,2),(7,2),(25,2),(26,2),(27,2),(28,2),(29,2),(30,2),(31,2),(34,2),(1,3),(2,3),(3,3),(4,3),(5,3),(6,3),(7,3),(8,3),(9,3),(10,3),(11,3),(25,3),(26,3),(27,3),(28,3),(29,3),(30,3),(31,3),(34,3),(1,4),(2,4),(5,4),(6,4),(7,4),(34,4),(1,5),(2,5),(3,5),(4,5),(5,5),(6,5),(7,5),(8,5),(9,5),(10,5),(11,5),(29,5),(30,5),(31,5),(34,5),(1,9),(2,9),(3,9),(4,9),(5,9),(6,9),(7,9),(8,9),(9,9),(10,9),(11,9),(29,9),(30,9),(31,9),(34,9),(1,10),(2,10),(3,10),(4,10),(5,10),(6,10),(7,10),(8,10),(9,10),(10,10),(11,10),(29,10),(30,10),(31,10),(34,10),(1,11),(2,11),(3,11),(4,11),(5,11),(6,11),(7,11),(8,11),(9,11),(10,11),(11,11),(29,11),(30,11),(31,11),(34,11);
/*!40000 ALTER TABLE `bcc_res_role` ENABLE KEYS */;
UNLOCK TABLES;

--
-- Table structure for table `bcc_resources`
--

DROP TABLE IF EXISTS `bcc_resources`;
/*!40101 SET @saved_cs_client     = @@character_set_client */;
/*!40101 SET character_set_client = utf8 */;
CREATE TABLE `bcc_resources` (
  `id` int(11) NOT NULL AUTO_INCREMENT,
  `name` varchar(50) DEFAULT NULL,
  `parentId` int(11) DEFAULT NULL,
  `resKey` varchar(50) DEFAULT NULL,
  `type` varchar(40) DEFAULT NULL,
  `resUrl` varchar(200) DEFAULT NULL,
  `level` int(4) DEFAULT NULL,
  `icon` varchar(100) DEFAULT NULL,
  `ishide` int(3) DEFAULT '0',
  `description` varchar(200) DEFAULT NULL,
  PRIMARY KEY (`id`)
) ENGINE=InnoDB AUTO_INCREMENT=79 DEFAULT CHARSET=utf8;
/*!40101 SET character_set_client = @saved_cs_client */;

--
-- Dumping data for table `bcc_resources`
--

LOCK TABLES `bcc_resources` WRITE;
/*!40000 ALTER TABLE `bcc_resources` DISABLE KEYS */;
INSERT INTO `bcc_resources` VALUES (1,'系统基础管理',0,'system','0','system',1,'fa-desktop',0,'系统基础管理'),(2,'用户管理',1,'account','1','/user/list.shtml',NULL,'',0,'search'),(3,'角色管理',1,'role','1','/role/list.shtml',7,'fa-list',0,'search'),(4,'菜单管理',1,'bcc_resources','1','/resources/list.shtml',12,'fa-list-alt',0,'菜单管理'),(5,'新增用户',2,'account_add','2','/user/add.shtml',3,NULL,0,'add'),(6,'修改用户',2,'account_edit','2','/user/modify.shtml',4,NULL,0,'modify'),(7,'删除用户',2,'account_delete','2','/user/delete.shtml',5,NULL,0,'delete'),(8,'新增角色',3,'role_add','2','/role/add.shtml',8,NULL,0,'add'),(9,'修改角色',3,'role_edit','2','/role/modify.shtml',9,NULL,0,'modify'),(10,'删除角色',3,'role_delete','2','/role/delete.shtml',10,NULL,0,'delete'),(11,'分配权限',3,'role_perss','2','/resources/permissions.shtml',11,'无',0,'permissions'),(25,'登陆信息管理',0,'bcc_login','0','bcc_login',18,'fa-calendar',0,'登陆信息管理'),(26,'用户登录记录',25,'bcc_log_list','1','/userlogin/list.shtml',19,NULL,0,'用户登录记录'),(27,'操作日志管理',0,'bcc_log','0','bcc_log',20,'fa-picture-o',1,'操作日志管理'),(28,'日志查询',27,'bcc_log','1','/logs/list.shtml',21,NULL,0,NULL),(29,'新增菜单资源',4,'bcc_resources_add','2','/resources/add.shtml',13,NULL,0,'&lt;button&nbsp;type=&quot;button&quot;&nbsp;id=&quot;addFun&quot;&nbsp;class=&quot;btn&nbsp;btn-primary&nbsp;marR10&quot;&gt;新增&lt;/button&gt;'),(30,'修改菜单资源',4,'bcc_resources_edit','2','/resources/modify.shtml',14,NULL,0,'&lt;button&nbsp;type=&quot;button&quot;&nbsp;id=&quot;editFun&quot;&nbsp;class=&quot;btn&nbsp;btn-info&nbsp;marR10&quot;&gt;编辑&lt;/button&gt;'),(31,'删除菜单资源',4,'bcc_resources_delete','2','/resources/delete.shtml',15,NULL,0,'&lt;button&nbsp;type=&quot;button&quot;&nbsp;id=&quot;delFun&quot;&nbsp;class=&quot;btn&nbsp;btn-danger&nbsp;marR10&quot;&gt;删除&lt;/button&gt;'),(34,'分配权限',2,'permissions','2','/resources/permissions.shtml',6,NULL,0,'&lt;button&nbsp;type=&quot;button&quot;&nbsp;id=&quot;permissions&quot;&nbsp;class=&quot;btn&nbsp;btn&nbsp;btn-grey&nbsp;marR10&quot;&gt;分配权限&lt;/button&gt;');
/*!40000 ALTER TABLE `bcc_resources` ENABLE KEYS */;
UNLOCK TABLES;

--
-- Table structure for table `bcc_role`
--

DROP TABLE IF EXISTS `bcc_role`;
/*!40101 SET @saved_cs_client     = @@character_set_client */;
/*!40101 SET character_set_client = utf8 */;
CREATE TABLE `bcc_role` (
  `id` int(11) NOT NULL AUTO_INCREMENT,
  `state` varchar(3) DEFAULT NULL,
  `name` varchar(50) DEFAULT NULL,
  `roleKey` varchar(50) DEFAULT NULL,
  `description` varchar(50) DEFAULT NULL,
  PRIMARY KEY (`id`)
) ENGINE=InnoDB AUTO_INCREMENT=5 DEFAULT CHARSET=utf8;
/*!40101 SET character_set_client = @saved_cs_client */;

--
-- Dumping data for table `bcc_role`
--

LOCK TABLES `bcc_role` WRITE;
/*!40000 ALTER TABLE `bcc_role` DISABLE KEYS */;
INSERT INTO `bcc_role` VALUES (1,'1','管理员tes','cuc','管理员'),(2,'0','普通','smkk','普通角色'),(3,'1','超级ccc','rootbcc','超级管理员'),(4,'0','管理单位','management','管理单位联系人管理');
/*!40000 ALTER TABLE `bcc_role` ENABLE KEYS */;
UNLOCK TABLES;

--
-- Table structure for table `bcc_server_info`
--

DROP TABLE IF EXISTS `bcc_server_info`;
/*!40101 SET @saved_cs_client     = @@character_set_client */;
/*!40101 SET character_set_client = utf8 */;
CREATE TABLE `bcc_server_info` (
  `id` int(11) NOT NULL AUTO_INCREMENT,
  `cpuUsage` varchar(255) DEFAULT NULL,
  `setCpuUsage` varchar(255) DEFAULT NULL,
  `jvmUsage` varchar(255) DEFAULT NULL,
  `setJvmUsage` varchar(255) DEFAULT NULL,
  `ramUsage` varchar(255) DEFAULT NULL,
  `setRamUsage` varchar(255) DEFAULT NULL,
  `email` varchar(255) DEFAULT NULL,
  `operTime` timestamp NULL DEFAULT CURRENT_TIMESTAMP ON UPDATE CURRENT_TIMESTAMP,
  `mark` varchar(255) DEFAULT NULL,
  PRIMARY KEY (`id`)
) ENGINE=InnoDB AUTO_INCREMENT=32 DEFAULT CHARSET=utf8;
/*!40101 SET character_set_client = @saved_cs_client */;

--
-- Dumping data for table `bcc_server_info`
--

LOCK TABLES `bcc_server_info` WRITE;
/*!40000 ALTER TABLE `bcc_server_info` DISABLE KEYS */;
INSERT INTO `bcc_server_info` VALUES (5,'18','40','49','40','71','40','121261494@qq.com','2015-04-24 10:07:02','<font color=\"red\">JVM当前：49%,超出预设值 40%<br>内存当前：71%,超出预设值  40%</font>'),(6,'3','40','50','40','71','40','121261494@qq.com','2015-04-24 10:08:03','<font color=\"red\">JVM当前：50%,超出预设值 40%<br>内存当前：71%,超出预设值  40%</font>'),(7,'5','40','50','40','70','40','121261494@qq.com','2015-04-24 10:09:02','<font color=\"red\">JVM当前：50%,超出预设值 40%<br>内存当前：70%,超出预设值  40%</font>'),(8,'5','40','52','40','69','40','121261494@qq.com','2015-04-24 10:10:03','<font color=\"red\">JVM当前：52%,超出预设值 40%<br>内存当前：69%,超出预设值  40%</font>'),(9,'2','40','52','40','68','40','121261494@qq.com','2015-04-24 10:11:02','<font color=\"red\">JVM当前：52%,超出预设值 40%<br>内存当前：68%,超出预设值  40%</font>'),(10,'7','40','53','40','67','40','121261494@qq.com','2015-04-24 10:12:02','<font color=\"red\">JVM当前：53%,超出预设值 40%<br>内存当前：67%,超出预设值  40%</font>'),(11,'5','40','54','40','67','40','121261494@qq.com','2015-04-24 10:13:02','<font color=\"red\">JVM当前：54%,超出预设值 40%<br>内存当前：67%,超出预设值  40%</font>'),(12,'16','40','55','40','66','40','121261494@qq.com','2015-04-24 10:14:02','<font color=\"red\">JVM当前：55%,超出预设值 40%<br>内存当前：66%,超出预设值  40%</font>'),(13,'5','40','56','40','65','40','121261494@qq.com','2015-04-24 10:15:02','<font color=\"red\">JVM当前：56%,超出预设值 40%<br>内存当前：65%,超出预设值  40%</font>'),(14,'8','40','57','40','64','40','121261494@qq.com','2015-04-24 10:16:02','<font color=\"red\">JVM当前：57%,超出预设值 40%<br>内存当前：64%,超出预设值  40%</font>'),(15,'3','40','58','40','63','40','121261494@qq.com','2015-04-24 10:17:02','<font color=\"red\">JVM当前：58%,超出预设值 40%<br>内存当前：63%,超出预设值  40%</font>'),(16,'6','40','59','40','62','40','121261494@qq.com','2015-04-24 10:18:03','<font color=\"red\">JVM当前：59%,超出预设值 40%<br>内存当前：62%,超出预设值  40%</font>'),(17,'1','40','60','40','61','40','121261494@qq.com','2015-04-24 10:19:02','<font color=\"red\">JVM当前：60%,超出预设值 40%<br>内存当前：61%,超出预设值  40%</font>'),(18,'5','40','61','40','61','40','121261494@qq.com','2015-04-24 10:20:02','<font color=\"red\">JVM当前：61%,超出预设值 40%<br>内存当前：61%,超出预设值  40%</font>'),(19,'5','40','38','40','61','40','121261494@qq.com','2015-04-24 10:21:02','<font color=\"red\">内存当前：61%,超出预设值  40%</font>'),(20,'5','40','39','40','60','40','121261494@qq.com','2015-04-24 10:22:02','<font color=\"red\">内存当前：60%,超出预设值  40%</font>'),(21,'4','40','40','40','59','40','121261494@qq.com','2015-04-24 10:23:02','<font color=\"red\">内存当前：59%,超出预设值  40%</font>'),(22,'32','80','41','80','81','80','121261494@qq.com','2015-04-24 17:43:05','<font color=\"red\">内存当前：81%,超出预设值  80%</font>'),(23,'55','80','55','80','81','80','121261494@qq.com','2015-04-24 17:50:03','<font color=\"red\">内存当前：81%,超出预设值  80%</font>'),(24,'13','80','53','80','81','80','121261494@qq.com','2015-04-24 17:59:08','<font color=\"red\">内存当前：81%,超出预设值  80%</font>'),(25,'85','80','58','80','72','80','121261494@qq.com','2015-04-24 18:46:06','<font color=\"red\">CPU当前：85%,超出预设值  80%<br></font>'),(26,'34','80','59','80','81','80','121261494@qq.com','2015-04-25 16:29:06','<font color=\"red\">内存当前：81%,超出预设值  80%</font>'),(27,'92','80','47','80','64','80','121261494@qq.com','2015-04-25 16:44:07','<font color=\"red\">CPU当前：92%,超出预设值  80%<br></font>'),(28,'85','80','49','80','68','80','121261494@qq.com','2015-04-26 15:38:04','<font color=\"red\">CPU当前：85%,超出预设值  80%<br></font>'),(29,'94','80','69','80','73','80','121261494@qq.com','2015-04-26 17:35:03','<font color=\"red\">CPU当前：94%,超出预设值  80%<br></font>'),(30,'6','80','43','80','87','80','121261494@qq.com','2015-05-07 16:00:08','<font color=\"red\">内存当前：87%,超出预设值  80%</font>'),(31,'88','80','59','80','87','80','121261494@qq.com','2015-05-07 16:01:14','<font color=\"red\">CPU当前：88%,超出预设值  80%<br>内存当前：87%,超出预设值  80%</font>');
/*!40000 ALTER TABLE `bcc_server_info` ENABLE KEYS */;
UNLOCK TABLES;

--
-- Table structure for table `bcc_user`
--

DROP TABLE IF EXISTS `bcc_user`;
/*!40101 SET @saved_cs_client     = @@character_set_client */;
/*!40101 SET character_set_client = utf8 */;
CREATE TABLE `bcc_user` (
  `id` int(11) NOT NULL AUTO_INCREMENT,
  `userName` varchar(20) DEFAULT NULL,
  `accountName` varchar(20) DEFAULT NULL,
  `password` varchar(100) DEFAULT NULL,
  `credentialsSalt` varchar(100) DEFAULT NULL,
  `email` varchar(255) DEFAULT NULL COMMENT '邮箱',
  `telephone` varchar(255) DEFAULT NULL COMMENT '电话',
  `description` varchar(100) DEFAULT NULL,
  `locked` varchar(3) DEFAULT '0',
  `unit_id` varchar(255) DEFAULT NULL COMMENT '所属管理单位id，若为空，则不属于任何管理单位，若不为空，那么其只能对属于同一个unit_id的用户进行相关操作',
  `createTime` timestamp NOT NULL DEFAULT CURRENT_TIMESTAMP ON UPDATE CURRENT_TIMESTAMP,
  `delete_status` int(1) DEFAULT '0' COMMENT '逻辑删除状态0:存在1:删除',
  PRIMARY KEY (`id`)
) ENGINE=InnoDB AUTO_INCREMENT=28 DEFAULT CHARSET=utf8;
/*!40101 SET character_set_client = @saved_cs_client */;

--
-- Dumping data for table `bcc_user`
--

LOCK TABLES `bcc_user` WRITE;
/*!40000 ALTER TABLE `bcc_user` DISABLE KEYS */;
INSERT INTO `bcc_user` VALUES (3,'tesd','admin','78e21a6eb88529eab722793a448ed394','4157c3feef4a6ed91b2c28cf4392f2d1',NULL,NULL,'3434','1',NULL,'2016-03-25 01:55:43',0),(4,'超级管理员','root','70dbfaba9062f51b8f2129e2668add80','2a52bb8d776f848f7da9380c1811983d',NULL,NULL,'超级管理员账号','1',NULL,'2016-03-22 20:18:51',1),(6,'tesaa','ad','cc575cac799e6176d3779af9b5901185','36deed6cbee1e1ec16f09d7b9d57d0dc',NULL,NULL,'ad','1',NULL,'2016-03-25 00:26:16',0),(20,'ddccc','','8cf122d79069ae7f983da78831bb11ba','45362c9845bd70dd0a5820f5265e65ba','',NULL,'xxxxxcucc','0','16','2016-03-28 17:20:52',0),(22,'cxxx','1@bcc.ac.cn','42010b8a793bc30cf9c3354a57f258b0','5cc2a1ce242ba0dd9da806d10d30abed','1@bcc.ac.cn',NULL,'xx休息休','1','18','2016-03-28 22:54:54',0),(23,'lifm','lifm','3fcf704bd5856b2cfa0233fccf9490a0','aafc3616957d686907385b6d7df27cca',NULL,NULL,'hahaha','1','18','2016-03-25 01:52:23',0),(24,'lifm11','lifm1','184a4168c59fb93ad90e0bc1cc288c36','3c37186a3b478395d739e6e06400fee2',NULL,NULL,'lifm11','1',NULL,'2016-03-25 02:03:42',0),(25,'lifm2','lifm2','5c836a599a04ee6de0b8a412d928660f','ff05f49e249e7af18676004f2849b407',NULL,NULL,'lifm2','1',NULL,'2016-03-23 22:15:37',1),(26,'lifm3','lifm3','a078aa0c4f298953224a486dd04b130a','30d199af0d91b0fb54d29ffbb0e82796',NULL,NULL,'lifm3','1',NULL,'2016-03-23 22:15:37',1),(27,'lifm4','lifm4','b2120c32c4a35d9901fa9283ba391072','c602dc92803d1ea08602b195509bc116',NULL,NULL,'lifm4','1',NULL,'2016-03-23 22:15:37',1);
/*!40000 ALTER TABLE `bcc_user` ENABLE KEYS */;
UNLOCK TABLES;

--
-- Table structure for table `bcc_user_role`
--

DROP TABLE IF EXISTS `bcc_user_role`;
/*!40101 SET @saved_cs_client     = @@character_set_client */;
/*!40101 SET character_set_client = utf8 */;
CREATE TABLE `bcc_user_role` (
  `userId` int(11) NOT NULL,
  `roleId` int(11) NOT NULL,
  PRIMARY KEY (`userId`,`roleId`)
) ENGINE=InnoDB DEFAULT CHARSET=utf8;
/*!40101 SET character_set_client = @saved_cs_client */;

--
-- Dumping data for table `bcc_user_role`
--

LOCK TABLES `bcc_user_role` WRITE;
/*!40000 ALTER TABLE `bcc_user_role` DISABLE KEYS */;
INSERT INTO `bcc_user_role` VALUES (3,1),(3,3),(5,1),(6,3),(20,1),(20,2),(20,3),(22,1),(22,2),(22,3),(23,1),(23,2),(23,3),(23,4),(24,1),(24,3);
/*!40000 ALTER TABLE `bcc_user_role` ENABLE KEYS */;
UNLOCK TABLES;

--
-- Table structure for table `bcc_userlogin`
--

DROP TABLE IF EXISTS `bcc_userlogin`;
/*!40101 SET @saved_cs_client     = @@character_set_client */;
/*!40101 SET character_set_client = utf8 */;
CREATE TABLE `bcc_userlogin` (
  `id` int(11) NOT NULL AUTO_INCREMENT,
  `userId` int(11) DEFAULT NULL,
  `accountName` varchar(20) DEFAULT NULL,
  `loginTime` timestamp NOT NULL DEFAULT CURRENT_TIMESTAMP ON UPDATE CURRENT_TIMESTAMP,
  `loginIP` varchar(40) DEFAULT NULL,
  PRIMARY KEY (`id`),
  KEY `bcc_user_loginlist` (`id`) USING BTREE
) ENGINE=InnoDB AUTO_INCREMENT=602 DEFAULT CHARSET=utf8;
/*!40101 SET character_set_client = @saved_cs_client */;

--
-- Dumping data for table `bcc_userlogin`
--

LOCK TABLES `bcc_userlogin` WRITE;
/*!40000 ALTER TABLE `bcc_userlogin` DISABLE KEYS */;
INSERT INTO `bcc_userlogin` VALUES (143,3,'admin','2015-12-17 03:30:42','0:0:0:0:0:0:0:1'),(144,3,'admin','2015-12-17 04:04:21','0:0:0:0:0:0:0:1'),(145,3,'admin','2015-12-17 04:42:24','0:0:0:0:0:0:0:1'),(146,3,'admin','2015-12-17 05:22:00','0:0:0:0:0:0:0:1'),(147,3,'admin','2015-12-17 13:01:51','0:0:0:0:0:0:0:1'),(148,3,'admin','2015-12-17 13:05:37','0:0:0:0:0:0:0:1'),(149,3,'admin','2016-02-02 08:10:43','0:0:0:0:0:0:0:1'),(150,3,'admin','2016-02-02 08:13:50','0:0:0:0:0:0:0:1'),(151,3,'admin','2016-02-02 08:30:31','0:0:0:0:0:0:0:1'),(152,3,'admin','2016-02-02 08:34:23','0:0:0:0:0:0:0:1'),(153,3,'admin','2016-02-02 08:37:14','0:0:0:0:0:0:0:1'),(154,3,'admin','2016-02-02 08:41:56','0:0:0:0:0:0:0:1'),(155,3,'admin','2016-02-02 08:52:24','0:0:0:0:0:0:0:1'),(156,3,'admin','2016-02-02 09:06:25','0:0:0:0:0:0:0:1'),(157,3,'admin','2016-02-02 09:08:09','0:0:0:0:0:0:0:1'),(158,3,'admin','2016-02-02 09:14:40','0:0:0:0:0:0:0:1'),(159,3,'admin','2016-02-02 09:26:19','0:0:0:0:0:0:0:1'),(160,3,'admin','2016-02-03 01:00:55','0:0:0:0:0:0:0:1'),(161,3,'admin','2016-02-03 01:07:43','0:0:0:0:0:0:0:1'),(162,3,'admin','2016-02-03 01:12:17','0:0:0:0:0:0:0:1'),(163,3,'admin','2016-02-03 01:12:30','0:0:0:0:0:0:0:1'),(164,3,'admin','2016-02-03 01:24:19','0:0:0:0:0:0:0:1'),(165,3,'admin','2016-02-03 01:58:58','0:0:0:0:0:0:0:1'),(166,3,'admin','2016-02-03 04:56:03','0:0:0:0:0:0:0:1'),(167,3,'admin','2016-02-03 04:58:39','0:0:0:0:0:0:0:1'),(168,3,'admin','2016-02-03 05:01:55','0:0:0:0:0:0:0:1'),(169,3,'admin','2016-02-21 05:28:24','0:0:0:0:0:0:0:1'),(170,3,'admin','2016-02-21 05:30:41','0:0:0:0:0:0:0:1'),(171,3,'admin','2016-02-21 06:22:50','0:0:0:0:0:0:0:1'),(172,3,'admin','2016-02-21 08:02:28','0:0:0:0:0:0:0:1'),(173,3,'admin','2016-02-21 08:34:01','0:0:0:0:0:0:0:1'),(174,3,'admin','2016-02-21 08:36:52','0:0:0:0:0:0:0:1'),(175,3,'admin','2016-02-22 03:16:49','0:0:0:0:0:0:0:1'),(176,3,'admin','2016-02-22 04:41:14','0:0:0:0:0:0:0:1'),(177,3,'admin','2016-02-22 04:41:31','0:0:0:0:0:0:0:1'),(178,3,'admin','2016-02-22 04:49:51','0:0:0:0:0:0:0:1'),(179,3,'admin','2016-02-22 04:57:53','0:0:0:0:0:0:0:1'),(180,3,'admin','2016-02-22 05:25:45','0:0:0:0:0:0:0:1'),(181,3,'admin','2016-02-22 05:33:13','0:0:0:0:0:0:0:1'),(182,3,'admin','2016-02-22 06:07:49','0:0:0:0:0:0:0:1'),(183,3,'admin','2016-02-22 06:14:20','0:0:0:0:0:0:0:1'),(184,3,'admin','2016-02-22 06:24:07','0:0:0:0:0:0:0:1'),(185,3,'admin','2016-02-22 06:25:14','0:0:0:0:0:0:0:1'),(186,3,'admin','2016-02-22 07:17:48','0:0:0:0:0:0:0:1'),(187,3,'admin','2016-02-22 08:14:28','0:0:0:0:0:0:0:1'),(188,3,'admin','2016-03-02 01:38:39','0:0:0:0:0:0:0:1'),(189,3,'admin','2016-03-02 01:38:41','0:0:0:0:0:0:0:1'),(190,3,'admin','2016-03-02 01:38:51','0:0:0:0:0:0:0:1'),(191,3,'admin','2016-03-02 01:44:45','0:0:0:0:0:0:0:1'),(192,3,'admin','2016-03-02 01:44:47','0:0:0:0:0:0:0:1'),(193,3,'admin','2016-03-02 01:44:54','0:0:0:0:0:0:0:1'),(194,3,'admin','2016-03-02 01:44:55','0:0:0:0:0:0:0:1'),(195,3,'admin','2016-03-02 01:45:11','0:0:0:0:0:0:0:1'),(196,3,'admin','2016-03-02 01:46:48','0:0:0:0:0:0:0:1'),(197,3,'admin','2016-03-02 01:50:56','0:0:0:0:0:0:0:1'),(198,3,'admin','2016-03-02 01:55:56','0:0:0:0:0:0:0:1'),(199,3,'admin','2016-03-02 01:57:19','0:0:0:0:0:0:0:1'),(200,3,'admin','2016-03-02 05:56:59','0:0:0:0:0:0:0:1'),(201,3,'admin','2016-03-02 05:57:06','0:0:0:0:0:0:0:1'),(202,3,'admin','2016-03-02 05:57:06','0:0:0:0:0:0:0:1'),(203,3,'admin','2016-03-02 05:58:29','0:0:0:0:0:0:0:1'),(204,3,'admin','2016-03-02 06:01:15','0:0:0:0:0:0:0:1'),(205,3,'admin','2016-03-02 06:07:34','0:0:0:0:0:0:0:1'),(206,3,'admin','2016-03-02 06:07:41','0:0:0:0:0:0:0:1'),(207,3,'admin','2016-03-02 06:42:02','0:0:0:0:0:0:0:1'),(208,3,'admin','2016-03-02 06:42:05','0:0:0:0:0:0:0:1'),(209,3,'admin','2016-03-02 06:42:36','0:0:0:0:0:0:0:1'),(210,3,'admin','2016-03-02 06:48:38','0:0:0:0:0:0:0:1'),(211,3,'admin','2016-03-02 06:50:16','0:0:0:0:0:0:0:1'),(212,3,'admin','2016-03-06 07:34:10','0:0:0:0:0:0:0:1'),(213,3,'admin','2016-03-06 08:46:17','0:0:0:0:0:0:0:1'),(214,3,'admin','2016-03-06 08:59:55','0:0:0:0:0:0:0:1'),(215,3,'admin','2016-03-06 09:19:30','0:0:0:0:0:0:0:1'),(216,3,'admin','2016-03-06 09:20:25','0:0:0:0:0:0:0:1'),(217,3,'admin','2016-03-06 09:41:24','0:0:0:0:0:0:0:1'),(218,3,'admin','2016-03-06 09:48:28','0:0:0:0:0:0:0:1'),(219,3,'admin','2016-03-06 09:53:23','0:0:0:0:0:0:0:1'),(220,3,'admin','2016-03-06 09:56:29','0:0:0:0:0:0:0:1'),(221,3,'admin','2016-03-07 01:46:17','0:0:0:0:0:0:0:1'),(222,3,'admin','2016-03-07 01:56:28','0:0:0:0:0:0:0:1'),(223,3,'admin','2016-03-07 02:21:32','0:0:0:0:0:0:0:1'),(224,3,'admin','2016-03-07 02:22:24','0:0:0:0:0:0:0:1'),(225,3,'admin','2016-03-07 04:43:02','0:0:0:0:0:0:0:1'),(226,3,'admin','2016-03-07 08:22:28','0:0:0:0:0:0:0:1'),(227,3,'admin','2016-03-07 08:58:04','0:0:0:0:0:0:0:1'),(228,3,'admin','2016-03-08 01:51:42','0:0:0:0:0:0:0:1'),(229,3,'admin','2016-03-08 12:18:27','127.0.0.1'),(230,3,'admin','2016-03-08 12:21:29','127.0.0.1'),(231,3,'admin','2016-03-08 12:29:34','127.0.0.1'),(232,3,'admin','2016-03-08 12:31:48','127.0.0.1'),(233,3,'admin','2016-03-08 12:49:18','0:0:0:0:0:0:0:1'),(234,3,'admin','2016-03-08 13:10:55','0:0:0:0:0:0:0:1'),(235,3,'admin','2016-03-08 13:15:43','0:0:0:0:0:0:0:1'),(236,3,'admin','2016-03-08 13:17:12','0:0:0:0:0:0:0:1'),(237,3,'admin','2016-03-08 13:21:17','0:0:0:0:0:0:0:1'),(238,3,'admin','2016-03-09 11:00:53','0:0:0:0:0:0:0:1'),(239,3,'admin','2016-03-09 13:59:48','127.0.0.1'),(240,3,'admin','2016-03-09 15:56:23','127.0.0.1'),(241,3,'admin','2016-03-09 16:33:46','0:0:0:0:0:0:0:1'),(242,3,'admin','2016-03-09 17:13:28','0:0:0:0:0:0:0:1'),(243,3,'admin','2016-03-09 17:14:53','0:0:0:0:0:0:0:1'),(244,3,'admin','2016-03-09 17:35:03','127.0.0.1'),(245,3,'admin','2016-03-09 17:35:49','127.0.0.1'),(246,3,'admin','2016-03-09 17:36:35','127.0.0.1'),(247,3,'admin','2016-03-09 17:36:55','127.0.0.1'),(248,3,'admin','2016-03-09 17:39:43','0:0:0:0:0:0:0:1'),(249,3,'admin','2016-03-09 17:48:36','127.0.0.1'),(250,3,'admin','2016-03-09 17:51:56','127.0.0.1'),(251,3,'admin','2016-03-10 09:04:13','127.0.0.1'),(252,3,'admin','2016-03-10 09:14:42','127.0.0.1'),(253,3,'admin','2016-03-10 09:46:42','0:0:0:0:0:0:0:1'),(254,3,'admin','2016-03-10 09:57:00','127.0.0.1'),(255,3,'admin','2016-03-10 10:29:36','0:0:0:0:0:0:0:1'),(256,3,'admin','2016-03-10 11:11:06','127.0.0.1'),(257,3,'admin','2016-03-10 11:29:14','0:0:0:0:0:0:0:1'),(258,3,'admin','2016-03-10 11:38:11','0:0:0:0:0:0:0:1'),(259,3,'admin','2016-03-10 12:16:47','127.0.0.1'),(260,3,'admin','2016-03-10 13:13:12','127.0.0.1'),(261,3,'admin','2016-03-10 13:26:10','0:0:0:0:0:0:0:1'),(262,3,'admin','2016-03-10 16:03:28','0:0:0:0:0:0:0:1'),(263,3,'admin','2016-03-10 16:18:08','127.0.0.1'),(264,3,'admin','2016-03-10 16:18:20','127.0.0.1'),(265,3,'admin','2016-03-10 16:18:33','127.0.0.1'),(266,3,'admin','2016-03-10 16:32:24','0:0:0:0:0:0:0:1'),(267,3,'admin','2016-03-10 17:32:08','127.0.0.1'),(268,3,'admin','2016-03-10 17:32:13','0:0:0:0:0:0:0:1'),(269,3,'admin','2016-03-13 09:16:51','127.0.0.1'),(270,3,'admin','2016-03-13 09:24:28','127.0.0.1'),(271,3,'admin','2016-03-13 10:38:15','127.0.0.1'),(272,3,'admin','2016-03-13 10:51:30','127.0.0.1'),(273,3,'admin','2016-03-13 10:54:38','127.0.0.1'),(274,3,'admin','2016-03-13 10:54:42','0:0:0:0:0:0:0:1'),(275,3,'admin','2016-03-13 11:00:53','0:0:0:0:0:0:0:1'),(276,3,'admin','2016-03-13 11:02:31','0:0:0:0:0:0:0:1'),(277,3,'admin','2016-03-13 11:06:25','0:0:0:0:0:0:0:1'),(278,3,'admin','2016-03-13 13:20:22','0:0:0:0:0:0:0:1'),(279,3,'admin','2016-03-13 13:37:41','0:0:0:0:0:0:0:1'),(280,3,'admin','2016-03-13 13:39:42','0:0:0:0:0:0:0:1'),(281,3,'admin','2016-03-13 13:42:31','0:0:0:0:0:0:0:1'),(282,3,'admin','2016-03-13 13:45:47','0:0:0:0:0:0:0:1'),(283,3,'admin','2016-03-13 14:08:43','127.0.0.1'),(284,3,'admin','2016-03-13 14:14:09','127.0.0.1'),(285,3,'admin','2016-03-13 14:18:08','127.0.0.1'),(286,3,'admin','2016-03-13 14:18:51','127.0.0.1'),(287,3,'admin','2016-03-13 14:22:02','127.0.0.1'),(288,3,'admin','2016-03-13 14:23:20','127.0.0.1'),(289,3,'admin','2016-03-13 14:38:26','127.0.0.1'),(290,3,'admin','2016-03-13 14:41:08','127.0.0.1'),(291,3,'admin','2016-03-13 14:46:41','127.0.0.1'),(292,3,'admin','2016-03-13 15:18:41','0:0:0:0:0:0:0:1'),(293,3,'admin','2016-03-13 15:21:22','0:0:0:0:0:0:0:1'),(294,3,'admin','2016-03-13 15:25:28','0:0:0:0:0:0:0:1'),(295,3,'admin','2016-03-13 15:26:51','0:0:0:0:0:0:0:1'),(296,3,'admin','2016-03-13 15:29:16','0:0:0:0:0:0:0:1'),(297,3,'admin','2016-03-13 15:30:40','0:0:0:0:0:0:0:1'),(298,3,'admin','2016-03-13 15:36:35','127.0.0.1'),(299,3,'admin','2016-03-13 15:37:12','127.0.0.1'),(300,3,'admin','2016-03-13 15:40:42','127.0.0.1'),(301,3,'admin','2016-03-13 15:44:30','127.0.0.1'),(302,3,'admin','2016-03-13 15:56:32','0:0:0:0:0:0:0:1'),(303,3,'admin','2016-03-13 15:58:14','0:0:0:0:0:0:0:1'),(304,3,'admin','2016-03-13 16:17:22','127.0.0.1'),(305,3,'admin','2016-03-13 16:31:09','0:0:0:0:0:0:0:1'),(306,3,'admin','2016-03-13 17:02:19','127.0.0.1'),(307,3,'admin','2016-03-13 17:03:39','127.0.0.1'),(308,3,'admin','2016-03-13 17:19:01','0:0:0:0:0:0:0:1'),(309,3,'admin','2016-03-13 17:22:12','0:0:0:0:0:0:0:1'),(310,3,'admin','2016-03-13 17:29:51','0:0:0:0:0:0:0:1'),(311,3,'admin','2016-03-13 17:33:51','0:0:0:0:0:0:0:1'),(312,3,'admin','2016-03-13 17:36:03','0:0:0:0:0:0:0:1'),(313,3,'admin','2016-03-13 17:37:10','0:0:0:0:0:0:0:1'),(314,3,'admin','2016-03-13 17:51:37','0:0:0:0:0:0:0:1'),(315,3,'admin','2016-03-13 17:52:20','0:0:0:0:0:0:0:1'),(316,3,'admin','2016-03-13 17:55:33','127.0.0.1'),(317,3,'admin','2016-03-14 09:32:43','127.0.0.1'),(318,3,'admin','2016-03-14 09:33:26','127.0.0.1'),(319,3,'admin','2016-03-14 09:49:25','127.0.0.1'),(320,3,'admin','2016-03-14 10:11:58','0:0:0:0:0:0:0:1'),(321,3,'admin','2016-03-14 10:39:09','127.0.0.1'),(322,3,'admin','2016-03-14 10:54:34','0:0:0:0:0:0:0:1'),(323,3,'admin','2016-03-14 11:01:16','127.0.0.1'),(324,3,'admin','2016-03-14 11:06:19','127.0.0.1'),(325,3,'admin','2016-03-14 11:07:14','0:0:0:0:0:0:0:1'),(326,3,'admin','2016-03-14 13:28:43','127.0.0.1'),(327,3,'admin','2016-03-14 13:49:32','0:0:0:0:0:0:0:1'),(328,3,'admin','2016-03-14 14:20:02','0:0:0:0:0:0:0:1'),(329,3,'admin','2016-03-14 14:23:27','0:0:0:0:0:0:0:1'),(330,3,'admin','2016-03-14 14:27:25','127.0.0.1'),(331,3,'admin','2016-03-14 14:28:48','127.0.0.1'),(332,3,'admin','2016-03-14 15:08:28','0:0:0:0:0:0:0:1'),(333,3,'admin','2016-03-14 15:11:07','0:0:0:0:0:0:0:1'),(334,3,'admin','2016-03-14 15:27:28','127.0.0.1'),(335,3,'admin','2016-03-14 16:18:10','0:0:0:0:0:0:0:1'),(336,3,'admin','2016-03-14 16:26:48','0:0:0:0:0:0:0:1'),(337,3,'admin','2016-03-14 16:32:35','0:0:0:0:0:0:0:1'),(338,3,'admin','2016-03-14 17:04:09','0:0:0:0:0:0:0:1'),(339,3,'admin','2016-03-14 17:07:19','127.0.0.1'),(340,3,'admin','2016-03-14 17:48:29','0:0:0:0:0:0:0:1'),(341,3,'admin','2016-03-14 17:52:53','127.0.0.1'),(342,3,'admin','2016-03-14 17:55:43','127.0.0.1'),(343,3,'admin','2016-03-15 09:22:17','0:0:0:0:0:0:0:1'),(344,3,'admin','2016-03-15 09:27:49','127.0.0.1'),(345,3,'admin','2016-03-15 10:00:17','127.0.0.1'),(346,3,'admin','2016-03-15 10:02:40','0:0:0:0:0:0:0:1'),(347,3,'admin','2016-03-15 10:06:52','127.0.0.1'),(348,3,'admin','2016-03-15 10:43:51','127.0.0.1'),(349,3,'admin','2016-03-15 11:06:55','127.0.0.1'),(350,3,'admin','2016-03-15 11:07:30','0:0:0:0:0:0:0:1'),(351,3,'admin','2016-03-15 11:18:09','0:0:0:0:0:0:0:1'),(352,3,'admin','2016-03-15 11:23:07','127.0.0.1'),(353,3,'admin','2016-03-15 12:15:28','127.0.0.1'),(354,3,'admin','2016-03-15 13:03:30','127.0.0.1'),(355,3,'admin','2016-03-15 13:19:16','0:0:0:0:0:0:0:1'),(356,3,'admin','2016-03-15 13:42:09','127.0.0.1'),(357,3,'admin','2016-03-15 13:44:11','127.0.0.1'),(358,3,'admin','2016-03-15 13:50:36','0:0:0:0:0:0:0:1'),(359,3,'admin','2016-03-15 13:52:04','0:0:0:0:0:0:0:1'),(360,3,'admin','2016-03-15 14:12:01','127.0.0.1'),(361,3,'admin','2016-03-15 14:19:56','0:0:0:0:0:0:0:1'),(362,3,'admin','2016-03-15 14:21:34','127.0.0.1'),(363,3,'admin','2016-03-15 14:27:06','0:0:0:0:0:0:0:1'),(364,3,'admin','2016-03-15 14:31:28','127.0.0.1'),(365,3,'admin','2016-03-15 14:41:54','0:0:0:0:0:0:0:1'),(366,3,'admin','2016-03-15 15:13:29','127.0.0.1'),(367,3,'admin','2016-03-15 15:37:18','0:0:0:0:0:0:0:1'),(368,3,'admin','2016-03-15 16:43:51','127.0.0.1'),(369,3,'admin','2016-03-15 16:44:59','0:0:0:0:0:0:0:1'),(370,3,'admin','2016-03-15 16:49:45','0:0:0:0:0:0:0:1'),(371,3,'admin','2016-03-15 17:00:59','127.0.0.1'),(372,3,'admin','2016-03-15 17:10:47','127.0.0.1'),(373,3,'admin','2016-03-15 17:12:02','127.0.0.1'),(374,3,'admin','2016-03-15 17:13:10','0:0:0:0:0:0:0:1'),(375,3,'admin','2016-03-15 17:17:51','0:0:0:0:0:0:0:1'),(376,3,'admin','2016-03-15 17:37:26','127.0.0.1'),(377,3,'admin','2016-03-16 23:21:04','127.0.0.1'),(378,3,'admin','2016-03-16 23:25:42','127.0.0.1'),(379,3,'admin','2016-03-17 00:41:11','0:0:0:0:0:0:0:1'),(380,3,'admin','2016-03-17 00:45:43','0:0:0:0:0:0:0:1'),(381,3,'admin','2016-03-17 00:49:16','0:0:0:0:0:0:0:1'),(382,3,'admin','2016-03-17 00:50:01','0:0:0:0:0:0:0:1'),(383,3,'admin','2016-03-17 00:53:02','0:0:0:0:0:0:0:1'),(384,3,'admin','2016-03-17 00:54:01','127.0.0.1'),(385,3,'admin','2016-03-17 00:59:36','127.0.0.1'),(386,3,'admin','2016-03-17 01:00:05','127.0.0.1'),(387,3,'admin','2016-03-17 01:00:59','0:0:0:0:0:0:0:1'),(388,3,'admin','2016-03-17 01:01:15','127.0.0.1'),(389,3,'admin','2016-03-17 01:02:24','127.0.0.1'),(390,3,'admin','2016-03-17 01:03:28','127.0.0.1'),(391,3,'admin','2016-03-17 01:04:29','127.0.0.1'),(392,3,'admin','2016-03-17 01:09:56','127.0.0.1'),(393,3,'admin','2016-03-17 17:24:59','127.0.0.1'),(394,3,'admin','2016-03-17 17:36:25','0:0:0:0:0:0:0:1'),(395,3,'admin','2016-03-17 20:57:42','127.0.0.1'),(396,3,'admin','2016-03-18 01:02:08','0:0:0:0:0:0:0:1'),(397,3,'admin','2016-03-18 01:03:55','127.0.0.1'),(398,3,'admin','2016-03-20 17:59:04','127.0.0.1'),(399,3,'admin','2016-03-20 18:11:23','127.0.0.1'),(400,3,'admin','2016-03-20 18:11:26','127.0.0.1'),(401,3,'admin','2016-03-20 18:11:54','127.0.0.1'),(402,3,'admin','2016-03-20 18:11:56','127.0.0.1'),(403,3,'admin','2016-03-20 18:11:59','127.0.0.1'),(404,3,'admin','2016-03-20 18:12:45','127.0.0.1'),(405,3,'admin','2016-03-20 18:12:48','127.0.0.1'),(406,3,'admin','2016-03-20 18:13:37','127.0.0.1'),(407,3,'admin','2016-03-20 18:13:54','127.0.0.1'),(408,3,'admin','2016-03-20 18:14:02','127.0.0.1'),(409,3,'admin','2016-03-20 18:14:05','127.0.0.1'),(410,3,'admin','2016-03-20 18:14:07','127.0.0.1'),(411,3,'admin','2016-03-20 18:14:10','127.0.0.1'),(412,3,'admin','2016-03-20 18:14:30','127.0.0.1'),(413,3,'admin','2016-03-20 18:15:17','127.0.0.1'),(414,3,'admin','2016-03-20 18:15:30','127.0.0.1'),(415,3,'admin','2016-03-20 18:15:38','127.0.0.1'),(416,3,'admin','2016-03-20 18:17:03','127.0.0.1'),(417,3,'admin','2016-03-20 18:17:10','127.0.0.1'),(418,3,'admin','2016-03-20 18:18:06','127.0.0.1'),(419,3,'admin','2016-03-20 18:53:04','127.0.0.1'),(420,3,'admin','2016-03-20 18:53:14','127.0.0.1'),(421,3,'admin','2016-03-20 22:18:48','127.0.0.1'),(422,3,'admin','2016-03-20 22:19:50','127.0.0.1'),(423,3,'admin','2016-03-20 22:22:11','127.0.0.1'),(424,3,'admin','2016-03-20 22:22:40','127.0.0.1'),(425,3,'admin','2016-03-20 22:26:04','127.0.0.1'),(426,3,'admin','2016-03-20 22:34:22','127.0.0.1'),(427,3,'admin','2016-03-20 22:37:41','127.0.0.1'),(428,3,'admin','2016-03-20 22:44:34','127.0.0.1'),(429,3,'admin','2016-03-20 22:46:45','127.0.0.1'),(430,3,'admin','2016-03-20 22:53:31','127.0.0.1'),(431,3,'admin','2016-03-20 23:11:35','127.0.0.1'),(432,3,'admin','2016-03-20 23:32:18','127.0.0.1'),(433,3,'admin','2016-03-20 23:37:42','127.0.0.1'),(434,3,'admin','2016-03-20 23:44:23','127.0.0.1'),(435,3,'admin','2016-03-20 23:49:32','127.0.0.1'),(436,3,'admin','2016-03-21 00:37:32','127.0.0.1'),(437,3,'admin','2016-03-21 00:41:56','127.0.0.1'),(438,3,'admin','2016-03-21 01:13:21','127.0.0.1'),(439,3,'admin','2016-03-21 17:06:11','127.0.0.1'),(440,3,'admin','2016-03-21 17:31:08','127.0.0.1'),(441,3,'admin','2016-03-21 17:40:50','127.0.0.1'),(442,3,'admin','2016-03-21 18:26:26','127.0.0.1'),(443,3,'admin','2016-03-21 18:35:12','127.0.0.1'),(444,3,'admin','2016-03-21 18:52:57','127.0.0.1'),(445,3,'admin','2016-03-21 18:56:50','127.0.0.1'),(446,3,'admin','2016-03-21 21:36:33','127.0.0.1'),(447,3,'admin','2016-03-21 21:38:45','127.0.0.1'),(448,3,'admin','2016-03-21 21:42:35','127.0.0.1'),(449,3,'admin','2016-03-21 22:07:21','127.0.0.1'),(450,3,'admin','2016-03-21 22:22:03','127.0.0.1'),(451,3,'admin','2016-03-21 22:24:41','127.0.0.1'),(452,3,'admin','2016-03-21 22:36:47','127.0.0.1'),(453,3,'admin','2016-03-21 23:06:57','127.0.0.1'),(454,3,'admin','2016-03-21 23:48:23','127.0.0.1'),(455,3,'admin','2016-03-22 00:12:36','127.0.0.1'),(456,3,'admin','2016-03-22 00:52:21','127.0.0.1'),(457,3,'admin','2016-03-22 00:56:43','127.0.0.1'),(458,3,'admin','2016-03-22 01:06:07','127.0.0.1'),(459,3,'admin','2016-03-22 01:18:50','127.0.0.1'),(460,3,'admin','2016-03-22 01:22:18','127.0.0.1'),(461,3,'admin','2016-03-22 01:26:25','127.0.0.1'),(462,3,'admin','2016-03-22 01:31:10','127.0.0.1'),(463,3,'admin','2016-03-22 01:37:20','127.0.0.1'),(464,3,'admin','2016-03-22 01:43:30','127.0.0.1'),(465,3,'admin','2016-03-22 01:44:40','127.0.0.1'),(466,3,'admin','2016-03-22 01:45:24','127.0.0.1'),(467,3,'admin','2016-03-22 01:48:25','127.0.0.1'),(468,3,'admin','2016-03-22 01:51:24','127.0.0.1'),(469,3,'admin','2016-03-22 17:17:26','127.0.0.1'),(470,3,'admin','2016-03-22 18:26:10','127.0.0.1'),(471,3,'admin','2016-03-22 18:45:33','127.0.0.1'),(472,3,'admin','2016-03-22 18:46:58','127.0.0.1'),(473,3,'admin','2016-03-22 19:03:21','127.0.0.1'),(474,3,'admin','2016-03-22 19:14:41','127.0.0.1'),(475,3,'admin','2016-03-22 19:15:15','127.0.0.1'),(476,3,'admin','2016-03-22 19:20:00','127.0.0.1'),(477,3,'admin','2016-03-22 19:22:16','127.0.0.1'),(478,3,'admin','2016-03-22 19:31:19','127.0.0.1'),(479,3,'admin','2016-03-22 20:12:00','127.0.0.1'),(480,3,'admin','2016-03-22 20:23:46','127.0.0.1'),(481,3,'admin','2016-03-22 20:27:49','127.0.0.1'),(482,3,'admin','2016-03-22 20:29:14','127.0.0.1'),(483,3,'admin','2016-03-22 21:34:04','127.0.0.1'),(484,3,'admin','2016-03-22 22:25:03','127.0.0.1'),(485,3,'admin','2016-03-22 22:40:22','127.0.0.1'),(486,22,'1@bcc.ac.cn','2016-03-22 22:43:20','127.0.0.1'),(487,3,'admin','2016-03-22 22:55:49','127.0.0.1'),(488,22,'1@bcc.ac.cn','2016-03-23 00:00:22','127.0.0.1'),(489,3,'admin','2016-03-23 00:09:20','127.0.0.1'),(490,22,'1@bcc.ac.cn','2016-03-23 00:09:59','127.0.0.1'),(491,3,'admin','2016-03-23 00:15:42','127.0.0.1'),(492,22,'1@bcc.ac.cn','2016-03-23 00:16:35','127.0.0.1'),(493,23,'lifm','2016-03-23 00:20:00','127.0.0.1'),(494,3,'admin','2016-03-23 00:22:01','127.0.0.1'),(495,3,'admin','2016-03-23 00:24:13','127.0.0.1'),(496,3,'admin','2016-03-23 00:26:45','127.0.0.1'),(497,3,'admin','2016-03-23 17:35:49','127.0.0.1'),(498,3,'admin','2016-03-23 17:40:09','127.0.0.1'),(499,3,'admin','2016-03-23 17:57:39','127.0.0.1'),(500,3,'admin','2016-03-23 18:01:39','127.0.0.1'),(501,3,'admin','2016-03-23 18:25:59','127.0.0.1'),(502,3,'admin','2016-03-23 18:26:57','127.0.0.1'),(503,3,'admin','2016-03-23 19:37:10','127.0.0.1'),(504,3,'admin','2016-03-23 19:37:15','127.0.0.1'),(505,3,'admin','2016-03-23 19:38:49','127.0.0.1'),(506,3,'admin','2016-03-23 19:39:43','127.0.0.1'),(507,3,'admin','2016-03-23 19:47:29','0:0:0:0:0:0:0:1'),(508,3,'admin','2016-03-23 20:14:51','127.0.0.1'),(509,3,'admin','2016-03-23 20:16:37','127.0.0.1'),(510,3,'admin','2016-03-23 20:33:26','0:0:0:0:0:0:0:1'),(511,3,'admin','2016-03-23 20:34:42','127.0.0.1'),(512,3,'admin','2016-03-23 20:43:31','127.0.0.1'),(513,3,'admin','2016-03-23 21:01:03','127.0.0.1'),(514,3,'admin','2016-03-23 21:13:09','127.0.0.1'),(515,3,'admin','2016-03-23 21:24:59','127.0.0.1'),(516,3,'admin','2016-03-23 21:24:59','127.0.0.1'),(517,3,'admin','2016-03-23 21:26:55','0:0:0:0:0:0:0:1'),(518,3,'admin','2016-03-23 22:07:29','127.0.0.1'),(519,3,'admin','2016-03-23 22:14:17','127.0.0.1'),(520,3,'admin','2016-03-23 22:25:55','127.0.0.1'),(521,3,'admin','2016-03-23 22:44:05','127.0.0.1'),(522,3,'admin','2016-03-23 22:46:00','127.0.0.1'),(523,3,'admin','2016-03-23 22:53:45','127.0.0.1'),(524,3,'admin','2016-03-23 22:55:22','127.0.0.1'),(525,3,'admin','2016-03-23 22:57:25','127.0.0.1'),(526,3,'admin','2016-03-23 23:02:12','127.0.0.1'),(527,3,'admin','2016-03-23 23:04:43','127.0.0.1'),(528,3,'admin','2016-03-23 23:08:47','127.0.0.1'),(529,3,'admin','2016-03-23 23:17:12','127.0.0.1'),(530,3,'admin','2016-03-23 23:19:59','127.0.0.1'),(531,3,'admin','2016-03-23 23:33:47','127.0.0.1'),(532,3,'admin','2016-03-23 23:38:04','127.0.0.1'),(533,3,'admin','2016-03-23 23:40:22','127.0.0.1'),(534,3,'admin','2016-03-23 23:46:22','0:0:0:0:0:0:0:1'),(535,3,'admin','2016-03-23 23:51:48','127.0.0.1'),(536,3,'admin','2016-03-24 00:02:20','127.0.0.1'),(537,3,'admin','2016-03-24 00:05:36','127.0.0.1'),(538,3,'admin','2016-03-24 00:08:51','127.0.0.1'),(539,3,'admin','2016-03-24 00:11:28','127.0.0.1'),(540,3,'admin','2016-03-24 00:18:17','127.0.0.1'),(541,3,'admin','2016-03-24 00:18:45','127.0.0.1'),(542,3,'admin','2016-03-24 00:22:21','127.0.0.1'),(543,3,'admin','2016-03-24 00:33:37','127.0.0.1'),(544,3,'admin','2016-03-24 00:34:43','127.0.0.1'),(545,3,'admin','2016-03-24 01:44:43','127.0.0.1'),(546,3,'admin','2016-03-24 17:16:15','127.0.0.1'),(547,3,'admin','2016-03-24 17:39:39','127.0.0.1'),(548,3,'admin','2016-03-24 17:41:38','127.0.0.1'),(549,3,'admin','2016-03-24 17:42:40','127.0.0.1'),(550,3,'admin','2016-03-24 17:50:34','127.0.0.1'),(551,3,'admin','2016-03-24 17:54:49','127.0.0.1'),(552,3,'admin','2016-03-24 17:56:03','127.0.0.1'),(553,3,'admin','2016-03-24 17:58:11','127.0.0.1'),(554,3,'admin','2016-03-24 18:23:04','127.0.0.1'),(555,3,'admin','2016-03-24 19:14:03','127.0.0.1'),(556,3,'admin','2016-03-24 19:14:06','127.0.0.1'),(557,3,'admin','2016-03-24 19:17:45','127.0.0.1'),(558,3,'admin','2016-03-24 19:19:55','127.0.0.1'),(559,3,'admin','2016-03-24 20:40:22','127.0.0.1'),(560,3,'admin','2016-03-24 21:01:16','127.0.0.1'),(561,3,'admin','2016-03-24 21:34:45','127.0.0.1'),(562,3,'admin','2016-03-24 21:48:24','127.0.0.1'),(563,3,'admin','2016-03-24 22:22:42','127.0.0.1'),(564,3,'admin','2016-03-24 22:35:19','127.0.0.1'),(565,3,'admin','2016-03-24 22:44:14','127.0.0.1'),(566,3,'admin','2016-03-24 23:56:52','127.0.0.1'),(567,3,'admin','2016-03-25 00:16:27','127.0.0.1'),(568,3,'admin','2016-03-25 00:17:14','127.0.0.1'),(569,3,'admin','2016-03-25 00:27:12','127.0.0.1'),(570,3,'admin','2016-03-25 00:27:50','127.0.0.1'),(571,3,'admin','2016-03-25 00:36:31','127.0.0.1'),(572,3,'admin','2016-03-25 00:46:58','127.0.0.1'),(573,3,'admin','2016-03-25 01:36:40','127.0.0.1'),(574,3,'admin','2016-03-25 01:38:51','127.0.0.1'),(575,3,'admin','2016-03-25 01:40:35','127.0.0.1'),(576,3,'admin','2016-03-25 01:40:35','127.0.0.1'),(577,3,'admin','2016-03-25 01:45:31','127.0.0.1'),(578,3,'admin','2016-03-25 01:49:46','127.0.0.1'),(579,3,'admin','2016-03-27 17:26:45','127.0.0.1'),(580,3,'admin','2016-03-28 17:20:18','127.0.0.1'),(581,3,'admin','2016-03-28 17:21:05','127.0.0.1'),(582,3,'admin','2016-03-28 19:27:53','127.0.0.1'),(583,3,'admin','2016-03-28 21:55:14','127.0.0.1'),(584,3,'admin','2016-03-31 23:39:13','0:0:0:0:0:0:0:1'),(585,3,'admin','2016-04-01 00:04:10','0:0:0:0:0:0:0:1'),(586,3,'admin','2016-04-01 00:13:52','0:0:0:0:0:0:0:1'),(587,3,'admin','2016-04-01 00:18:38','0:0:0:0:0:0:0:1'),(588,3,'admin','2016-04-01 00:30:42','0:0:0:0:0:0:0:1'),(589,3,'admin','2016-04-01 00:32:00','0:0:0:0:0:0:0:1'),(590,3,'admin','2016-04-01 00:33:16','0:0:0:0:0:0:0:1'),(591,3,'admin','2016-04-01 00:35:20','0:0:0:0:0:0:0:1'),(592,3,'admin','2016-04-01 00:43:14','0:0:0:0:0:0:0:1'),(593,3,'admin','2016-04-01 00:45:13','0:0:0:0:0:0:0:1'),(594,3,'admin','2016-04-19 14:10:25','0:0:0:0:0:0:0:1'),(595,3,'admin','2016-04-19 14:16:56','0:0:0:0:0:0:0:1'),(596,3,'admin','2016-04-19 14:22:27','0:0:0:0:0:0:0:1'),(597,3,'admin','2016-04-19 14:26:06','0:0:0:0:0:0:0:1'),(598,3,'admin','2016-04-19 14:29:45','0:0:0:0:0:0:0:1'),(599,3,'admin','2016-04-19 14:35:19','0:0:0:0:0:0:0:1'),(600,3,'admin','2016-04-19 15:03:07','0:0:0:0:0:0:0:1'),(601,3,'admin','2016-04-21 14:14:17','0:0:0:0:0:0:0:1');
/*!40000 ALTER TABLE `bcc_userlogin` ENABLE KEYS */;
UNLOCK TABLES;
/*!40103 SET TIME_ZONE=@OLD_TIME_ZONE */;

/*!40101 SET SQL_MODE=@OLD_SQL_MODE */;
/*!40014 SET FOREIGN_KEY_CHECKS=@OLD_FOREIGN_KEY_CHECKS */;
/*!40014 SET UNIQUE_CHECKS=@OLD_UNIQUE_CHECKS */;
/*!40101 SET CHARACTER_SET_CLIENT=@OLD_CHARACTER_SET_CLIENT */;
/*!40101 SET CHARACTER_SET_RESULTS=@OLD_CHARACTER_SET_RESULTS */;
/*!40101 SET COLLATION_CONNECTION=@OLD_COLLATION_CONNECTION */;
/*!40111 SET SQL_NOTES=@OLD_SQL_NOTES */;

-- Dump completed on 2016-04-27 23:19:37
